dataset	label	species	scope	cell_type	n_cells	DUOX2_pos_cells	DUOX2_pct_pos	DUOX2_mean_cpm	DUOX2_max_cpm	DUOXA2_mean_cpm	ALB_mean_cpm	APOA1_mean_cpm	TTR_mean_cpm	KRT19_mean_cpm	KRT8_mean_cpm	KRT18_mean_cpm	KRT7_mean_cpm	EPCAM_mean_cpm	CFTR_mean_cpm	MMP7_mean_cpm	PECAM1_mean_cpm	VWF_mean_cpm	CD3E_mean_cpm	MS4A1_mean_cpm	COL1A1_mean_cpm	DCN_mean_cpm	LYZ_mean_cpm	SERPINA1_mean_cpm
HepatolComm2022_biliary	Human liver biliary lineage (Hepatol Commun 2022)	human	all	progenitor cell	1150	10	0.87	3.06	825.1	0.3	10720.49	4656.91	1428.92	76.53	188.05	247.87	214.1	46.38	563.41	13.02	6.9	5.38	0.72	1.98	13.15	10.03	60.55	3599.73
HepatolComm2022_biliary	Human liver biliary lineage (Hepatol Commun 2022)	human	all	cholangiocyte	445	0	0.0	0.0	0.0	0.0	11783.71	2831.06	962.0	93.06	336.26	464.77	293.5	93.29	354.51	15.18	6.66	2.11	0.72	0.0	5.04	6.18	14.96	3486.77
HepatolComm2022_biliary	Human liver biliary lineage (Hepatol Commun 2022)	human	all	centrilobular region hepatocyte	266	0	0.0	0.0	0.0	0.25	6425.19	2835.04	785.21	12.96	107.77	136.87	91.17	25.71	209.39	2.96	2.48	3.89	0.0	0.0	7.52	5.29	6.81	2222.38
HepatolComm2022_hepatocyte	Human liver hepatocytes (Hepatol Commun 2022)	human	all	periportal region hepatocyte	26082	15	0.058	0.1	932.8	0.0	15553.92	6838.47	2677.77	1.18	96.55	150.41	3.11	0.82	1.29	0.29	2.18	6.56	1.02	0.21	3.19	6.04	4.47	6801.51
HepatolComm2022_hepatocyte	Human liver hepatocytes (Hepatol Commun 2022)	human	all	midzonal region hepatocyte	12109	3	0.025	0.29	1436.8	0.03	18531.51	8577.25	5136.34	3.52	171.04	223.72	8.37	1.0	1.76	0.19	4.23	8.66	2.63	0.69	7.34	13.67	7.69	7310.84
HepatolComm2022_hepatocyte	Human liver hepatocytes (Hepatol Commun 2022)	human	all	centrilobular region hepatocyte	10183	4	0.039	0.14	1030.9	0.04	9408.92	3840.65	1393.02	1.95	94.39	127.34	2.6	0.89	1.7	0.2	2.68	5.9	0.62	0.07	3.62	5.91	5.13	3506.98
HepatolComm2022_hepatocyte	Human liver hepatocytes (Hepatol Commun 2022)	human	all	hepatocyte	1885	4	0.212	0.3	513.1	0.0	17145.74	6426.26	2509.55	2.86	101.8	148.95	7.39	6.23	9.82	0.16	30.19	16.53	2.76	2.04	30.1	38.47	8.54	5954.14
JHepatol2024_biliary	Human liver cholangiocytes (J Hepatol 2024)	human	all	intrahepatic cholangiocyte	578	49	8.478	29.57	1534.9	1.95	20273.44	2956.1	1437.39	500.41	1337.71	1791.86	970.26	249.62	65.1	101.64	2.34	1.59	1.64	0.0	3.87	13.13	494.43	8636.94
JHepatol2024_biliary	Human liver cholangiocytes (J Hepatol 2024)	human	all	unknown	433	1	0.231	0.57	247.0	0.44	25361.23	8417.61	2760.34	77.3	508.62	640.82	323.33	69.22	48.08	32.03	3.84	6.08	3.91	1.78	17.64	28.01	53.35	14101.87
JHepatol2024_hepatocyte1	Human liver hepatocytes set 1 (J Hepatol 2024)	human	all	periportal region hepatocyte	33495	35	0.104	0.4	976.6	0.07	27743.31	11431.9	3188.76	1.51	160.72	219.44	3.37	0.55	0.68	0.25	3.1	4.78	2.22	0.22	7.13	20.5	10.68	19510.53
JHepatol2024_hepatocyte1	Human liver hepatocytes set 1 (J Hepatol 2024)	human	all	centrilobular region hepatocyte	10672	21	0.197	0.24	397.6	0.02	24104.04	11038.64	6450.33	0.97	187.81	260.13	2.26	0.45	0.45	0.22	2.35	2.63	4.62	0.45	4.74	14.68	9.71	19566.84
JHepatol2024_hepatocyte1	Human liver hepatocytes set 1 (J Hepatol 2024)	human	all	midzonal region hepatocyte	8848	8	0.09	0.11	297.3	0.07	27813.98	13343.39	5591.27	1.33	199.0	280.45	2.71	0.62	0.41	0.1	2.96	4.51	1.42	0.35	5.75	19.7	12.58	22260.96
JHepatol2024_hepatocyte2	Human liver hepatocytes set 2 (J Hepatol 2024)	human	all	periportal region hepatocyte	5330	5	0.094	0.35	555.2	0.13	23643.17	10147.09	2006.45	1.43	116.28	145.18	3.31	0.65	0.63	0.18	2.96	3.35	1.38	0.36	5.5	12.17	4.99	16744.47
JHepatol2024_hepatocyte2	Human liver hepatocytes set 2 (J Hepatol 2024)	human	all	centrilobular region hepatocyte	3485	4	0.115	0.37	471.5	0.13	23778.88	9742.67	2320.95	2.24	108.77	142.36	4.13	0.2	0.62	0.18	2.13	2.82	1.35	0.06	5.6	15.54	7.08	16408.82
JHepatol2024_hepatocyte2	Human liver hepatocytes set 2 (J Hepatol 2024)	human	all	hepatocyte	2692	7	0.26	1.95	1500.4	0.28	23726.71	10639.12	2913.82	0.93	132.57	170.79	6.78	0.8	0.98	0.36	9.47	9.2	6.55	1.51	14.6	32.82	17.54	16107.55
JHepatol2024_hepatocyte2	Human liver hepatocytes set 2 (J Hepatol 2024)	human	all	midzonal region hepatocyte	1083	1	0.092	0.42	451.5	0.0	26976.94	10624.26	2117.5	0.32	123.57	188.5	1.18	0.0	0.0	0.0	3.01	2.3	0.54	0.0	6.02	9.41	6.43	16351.09
JHepatol2024_hepatocyte2	Human liver hepatocytes set 2 (J Hepatol 2024)	human	all	erythroid lineage cell	706	0	0.0	0.0	0.0	0.0	6307.05	2252.8	751.92	0.18	37.93	42.27	1.05	0.58	0.0	0.0	3.11	3.15	4.7	1.83	2.16	6.97	9.23	3585.87
JHepatol2024_hepatocyte2	Human liver hepatocytes set 2 (J Hepatol 2024)	human	all	erythroblast	339	0	0.0	0.0	0.0	0.0	7354.32	3435.12	976.86	0.64	44.14	47.62	0.0	1.44	0.0	0.0	2.8	0.17	5.04	0.82	2.05	3.87	8.8	4468.94
CellMet2026_mouseHCC	Mouse liver, tumor compartment (Cell Metab 2026)	mouse	tumor	B cell	1538	0	0.0	0.0	0.0	0.0	44.62	7.2	8.42	0.0	2.11	1.6	0.18	7.91	0.17	0.0	124.71	0.21	2.78	932.79	0.0	0.62		
CellMet2026_mouseHCC	Mouse liver, tumor compartment (Cell Metab 2026)	mouse	tumor	monocyte	861	0	0.0	0.0	0.0	0.0	144.0	27.85	24.97	0.0	2.15	1.24	2.37	0.0	0.0	0.25	42.91	5.17	2.41	1.3	0.13	1.74		
CellMet2026_mouseHCC	Mouse liver, tumor compartment (Cell Metab 2026)	mouse	tumor	CD8-positive, alpha-beta T cell	618	0	0.0	0.0	0.0	0.0	27.24	6.32	4.58	0.0	2.0	0.91	0.0	11.15	0.0	0.0	23.86	0.0	676.69	4.05	0.0	1.7		
CellMet2026_mouseHCC	Mouse liver, tumor compartment (Cell Metab 2026)	mouse	tumor	macrophage	579	0	0.0	0.0	0.0	0.0	225.5	57.42	56.94	0.7	4.7	2.08	0.98	2.13	0.14	0.0	19.9	3.15	1.53	3.46	2.53	9.16		
CellMet2026_mouseHCC	Mouse liver, tumor compartment (Cell Metab 2026)	mouse	tumor	dendritic cell	579	0	0.0	0.0	0.0	0.0	141.76	30.33	23.02	0.16	1.98	1.94	0.64	49.88	1.09	6.81	35.59	6.28	1.23	16.3	1.05	2.41		
CellMet2026_mouseHCC	Mouse liver, tumor compartment (Cell Metab 2026)	mouse	tumor	natural killer cell	547	0	0.0	0.0	0.0	0.0	76.64	11.87	9.73	0.0	1.61	3.74	1.31	11.63	0.0	0.0	280.72	1.34	11.03	6.51	0.0	3.37		
CellMet2026_mouseHCC	Mouse liver, tumor compartment (Cell Metab 2026)	mouse	tumor	interneuron	527	0	0.0	0.0	0.0	0.0	254.69	44.68	45.09	0.0	6.46	0.9	2.04	0.0	0.0	0.0	14.6	1.58	9.34	7.52	7.55	2.08		
CellMet2026_mouseHCC	Mouse liver, tumor compartment (Cell Metab 2026)	mouse	tumor	endothelial cell	336	0	0.0	0.0	0.0	0.0	314.76	89.94	75.53	0.85	8.52	1.41	0.47	0.0	0.0	0.0	749.9	283.71	2.37	4.31	3.01	21.06		
CellMet2026_mouseHCC	Mouse liver, tumor compartment (Cell Metab 2026)	mouse	tumor	CD4-positive, alpha-beta T cell	142	0	0.0	0.0	0.0	0.0	32.12	7.15	6.04	0.0	0.0	2.2	0.0	24.65	0.0	0.0	58.52	0.0	566.25	3.64	2.1	0.0		
CellMet2026_mouseHCC	Mouse liver, tumor compartment (Cell Metab 2026)	mouse	tumor	cholangiocyte	110	0	0.0	0.0	0.0	0.0	2782.96	21.18	1202.0	273.61	1866.43	1131.3	171.83	765.3	102.84	310.66	6.63	0.0	2.63	2.12	0.0	0.0		
CellMet2026_mouseHCC	Mouse liver, tumor compartment (Cell Metab 2026)	mouse	tumor	Kupffer cell	89	0	0.0	0.0	0.0	0.0	289.45	119.56	96.65	0.0	9.08	4.72	0.0	0.67	0.0	0.0	37.35	4.65	2.09	4.28	0.39	17.12		
CellMet2026_mouseHCC	Mouse liver, tumor compartment (Cell Metab 2026)	mouse	tumor	hematopoietic cell	36	0	0.0	0.0	0.0	0.0	34.23	0.0	2.71	0.0	3.55	9.4	0.0	71.24	0.0	0.0	17.78	0.0	2.31	34.44	1.26	0.0		
CellMet2026_mouseHCC	Mouse liver, tumor compartment (Cell Metab 2026)	mouse	tumor	neuron associated cell	29	0	0.0	0.0	0.0	0.0	117.41	0.0	0.0	0.0	0.0	16.07	0.0	6.76	0.0	0.0	93.95	0.0	0.0	0.0	0.0	9.4		
CellMet2026_mouseHCC	Mouse liver, tumor compartment (Cell Metab 2026)	mouse	tumor	hepatocyte	17	0	0.0	0.0	0.0	0.0	16671.1	4736.27	4597.82	0.0	610.89	380.5	0.0	0.0	0.0	0.0	10.0	0.0	0.0	0.0	50.62	74.18		
