score	PFS_HR	PFS_lo	PFS_hi	PFS_P	OS_HR	OS_lo	OS_hi	OS_P
P_DUOX2	0.7059347824598668	0.44414532797618644	1.122028952454452	0.1407568461240527	1.1194263943917708	0.7267395438443431	1.7242978768324178	0.6087573747700221
T效应/IFN-$\gamma$	0.7156993394450507	0.45668019861618464	1.121628540134231	0.14449431572614824	0.7351629630296549	0.4376547292061041	1.2349108695590527	0.2449735623771906
T细胞耗竭	0.6011192684938971	0.3650773579960251	0.9897748163241945	0.045457588242059976	0.9190380678375049	0.5417998526386864	1.5589354002607283	0.7541663769296068
髓系抑制/M2	0.7711457140566145	0.48348236070071055	1.2299636153137776	0.27525993698763507	0.9229279561239965	0.5846681008682727	1.4568881232450364	0.730579942324024
上皮/管状(近似)	0.9042438132782382	0.5913720184976009	1.3826438320995509	0.642231216754974	0.9994249700806112	0.6540793729220835	1.5271086540434557	0.9978782465757142
间质/CAF	1.0611855417457217	0.644980658433137	1.7459667034758084	0.8151653801946104	0.9408710171692422	0.5545596814493914	1.5962903553237677	0.8212165439719328
内皮	1.134630038608895	0.7570421715225539	1.700546380295366	0.5406693484237981	0.9672655330367579	0.6312089575214724	1.4822391226427678	0.8785327008880903
Treg	0.7875779187362828	0.46488647318944126	1.334259037105197	0.3746345541640236	0.9690221842045386	0.5589782346530411	1.6798578822364638	0.9107412384850424
I型干扰素	0.9856845098444831	0.6033339346568325	1.6103419634434717	0.954087891442462	0.6026021726245465	0.3537945604459721	1.0263848545158094	0.06230059184970815
