score	AUC	P_MWU	r_pb	AUC_lo	AUC_hi
P_DUOX2	0.6363636363636364	0.2709861613045861	0.2915175689951754	0.3916083916083916	0.8592592592592593
T效应/IFN-$\gamma$	0.5524475524475524	0.6850689949718154	0.14167060897526876	0.3055555555555556	0.7916666666666666
T细胞耗竭	0.6713286713286714	0.16438404758801328	0.2914745656552839	0.4357142857142857	0.8823529411764706
髓系抑制/M2	0.6783216783216783	0.14750139990263275	0.3278981709736212	0.4444047619047619	0.8881118881118881
上皮/管状(近似)	0.6153846153846154	0.3539344599024651	0.21218475942828247	0.35294117647058826	0.8370901320901323
间质/CAF	0.5874125874125874	0.48690581626049245	0.08674319926891981	0.3356643356643357	0.8222549019607844
内皮	0.46853146853146854	0.8167351582026614	-0.018959659624289665	0.23430266203703706	0.7265802556818183
Treg	0.5174825174825175	0.9077531215721959	0.042210544914536303	0.25874125874125875	0.7703703703703704
I型干扰素	0.6713286713286714	0.16438404758801328	0.30726286426414195	0.43053240740740745	0.8814814814814815
