	P_DUOX2	T效应/IFN-$\gamma$	T细胞耗竭	髓系抑制/M2	上皮/管状(近似)	间质/CAF	内皮	Treg	I型干扰素	cbr	pfs_time	pfs_event	os_time	os_event	etiology	CD274	PDCD1	CTLA4	LAG3	HAVCR2	TIGIT	IFNG	CXCL9	GZMA	PRF1	CD8A	FOXP3	CD163	TREM2	SPP1	MUC1	EPCAM	DMBT1	MST1R	CEACAM6	AXL	IL1B	CXCL1
S01	0.17311669157061269	-0.07518874051536197	-0.244134873849432	-0.2268117866527714	0.5686165318265668	0.33533275629797543	-0.3525935231339084	-0.19323002138756087	-1.1374659003084464	0	5.9	1	36.7	1	HBV	7.77184593	8.454532321	8.023783907	5.207823227	7.487617425	7.398744772	8.536918826	10.04105357	7.911323889	8.890478689	9.200772632	7.623672461	9.293535789	9.109255364	12.29462228	6.505716142	11.51571174	5.84374654	7.77184593	9.706675215	9.548921111	9.242497852	7.810381271
S02	-0.08472872364052313	0.4017786361884998	-0.0243344950088199	-0.21683553604893951	0.19155044972843246	-0.4076581570241364	-0.18763039933710288	0.5949968667030047	-0.015700637061241723	0	12.9	1	139.0	0	Other	8.381401691	7.032135767	8.915118559	5.793150662	7.557648648	7.904973607	8.412194647	10.64937064	8.389953135	9.236075246	9.493076344	7.845738055	9.1524985	8.870908915	13.87475092	7.127496029	10.38853234	7.006754122	7.861291642	9.184665866	8.652977873	8.80166959	7.623672461
S03	0.1991349553111554	0.4959397053826091	0.6134004782011169	0.275797561397788	-0.22954397331162812	-0.782236748904559	0.1577812249222613	0.5160114746323957	-0.21532554242770124	0	5.1	1	30.1	1	HCV	9.103242314	7.535096719	8.444851707	5.882485765	8.250593025	8.224129809	8.880945945	8.739783326	8.528209929	9.72834045	9.790396977	8.033618104	9.197772997	9.689986154	8.057705056	3.742140789	8.930822747	5.713983513	8.512483401	10.72001538	8.015112355	10.2095304	7.768567335
S06	-0.3263457951140779	-0.09289358582840966	-0.293596381553529	-0.1330688782345441	-0.12999723790263604	0.208692275784329	0.42170122209754934	-0.5967633051387566	0.2434696222286542	0	5.4	1	84.4	1	HBV	7.77184593	6.501267285	7.541044364	5.251387517	9.001706086	7.596482225	7.818146984	8.564997875	8.28443925	8.652977873	7.88554341	7.663758768	9.22087834	7.720596522	11.42107664	7.131815044	7.426263653	4.84407437	7.00106292	7.678829419	8.577517186	8.387481335	7.281061633
S08	0.16125464172855725	0.80108651671156	0.3503636750714938	0.08039569981286945	-0.2500270367775955	-0.3191201045477895	0.1313866704258529	0.166045905134608	-0.1095737929938027	1	137.9	0	137.9	0	HBV	6.812094966	7.607493997	7.900171441	8.222386312	8.657933395	8.63992987	7.320452483	11.03094982	8.681447534	9.528275618	9.441478521	8.023783907	9.499609376	7.926475158	13.8023746	4.937061447	6.942815104	4.498260144	6.590566323	7.02544226	9.358459913	7.761154436	8.825782692
S10	0.48078441661682	0.7933788997835058	1.3084284507207637	0.23825302194212938	0.10599051600044485	-0.9281976175171992	-0.2255998077651359	1.6881440172781221	-0.955593542445212	1	17.4	0	26.6	1	HBV	8.756816672	7.652645914	10.13043429	4.675625916	7.900171441	8.873028221	10.58311744	9.380835365	9.13082529	9.81853645	9.326049944	8.705866398	9.928523222	9.62368639	8.335216668	6.364464373	8.376420456	5.97698894	8.837581298	11.88133891	9.095156358	10.16589301	7.823808246
S11	-0.15581360459351026	0.042707910395059424	0.46228511163742014	-0.008631699629409162	-0.11258454944823426	0.4883280897913917	-0.5145374672443218	-0.1791849963484275	-0.321373825146768	1	134.0	0	134.0	0	HCV	7.876107198	6.611420213	8.337182927	7.5879601	7.974772864	8.302961408	8.239098371	9.76740385	8.134779636	8.843508191	8.520247433	7.596482225	9.714679171	8.490039347	14.9235035	4.215370907	8.035833512	4.399760333	6.913220587	8.35697221	8.80166959	8.510721405	7.320452483
S12	0.169594020286019	-0.23944962278266674	-0.34512394013271763	-0.2949846819670626	0.8288545193228075	0.09283233280474713	0.5233960663019409	-0.4484659730815614	0.4358683836309233	1	95.4	1	133.9	0	HBV	7.175045302	7.202225376	7.735747086	5.762240037	7.958631071	7.544277655	7.82073321	8.635249075	8.337182927	8.68881146	7.735747086	7.977229491	8.674921176	7.799593004	11.47025424	8.462270292	9.349242378	9.084617537	8.99526413	8.196948969	8.894852699	8.500078739	7.5792222
S14	-0.15906956436090533	-0.5769233778104786	-0.494822313979242	-0.25561870801791	0.1518789120112294	0.18764951223392637	0.3836651759843294	-0.40445416496351305	-0.21620531597479706	0	5.3	1	13.9	1	HBV	6.501267285	7.767079297	8.399225734	4.731162769	7.661578093	7.637505744	8.392605993	8.104981422	7.494897691	8.415640316	8.220642815	7.274419545	9.666715823	7.969582816	11.08864468	5.51840002	9.592399233	6.681358918	7.55078857	8.558403842	8.80166959	8.199276247	7.637505744
S16	0.12255191126684421	-0.349977812861297	0.021735363443918625	0.1618131241478086	-0.050614573557316196	0.6280228447468702	0.10975362965516812	-0.7760217521260442	0.15021026218650738	1	16.0	1	39.4	1	HBV	7.374878841	5.956982723	8.2725823	5.51840002	8.320116984	8.254666411	7.838748076	9.004100508	8.429517928	8.459464195	7.808229883	7.411371756	9.673969563	7.770206633	11.27525845	9.329577109	7.393598859	5.713983513	7.331781807	8.093979861	9.344169744	7.792191597	8.612440184
S17	0.24298836645747504	0.20741182526282062	-0.019033511576740936	0.034553872292761634	-0.26717792731220946	-0.4624879934065115	-0.21772766795405732	0.6568245617660632	-0.7525185969038306	0	7.9	1	14.7	1	HBV	8.616685363	7.55078857	8.561700859	3.512125391	7.792191597	8.079466293	9.060296658	8.454532321	8.459464195	9.267700351	9.143175425	7.974772864	8.866705267	8.774627538	13.30997293	5.563249981	8.309213129	5.24185934	8.473448975	9.353851146	7.952947983	9.417595671	8.506891786
S18	0.2944001598558679	-0.0024229200076829774	0.05104858250444893	0.4535736749711346	0.19099168456785545	0.6669022177418688	0.23923890276618373	-0.20345297846702626	0.4943249651687693	1	59.4	1	149.3	1	HBV	6.992958639	6.812094966	8.296832848	7.510587974	8.137468681	8.050937975	6.414542961	10.91941446	8.162842098	8.440553302	7.990111754	7.703293496	9.659678505	7.434026135	12.63820875	7.35207844	9.76740385	5.584365175	7.434026135	6.479674029	9.4458642	7.398744772	10.56005047
S19	0.1703180407731449	-0.24658987252023545	-0.24102644763371744	0.06609138393371394	0.28417776042333553	0.6286186937421813	0.0643045254909197	-0.25193226127158413	0.902294555427514	1	11.4	1	25.6	1	HCV	7.302229943	5.68489043	8.018607172	6.99701078	7.972316238	7.863218563	7.411371756	9.103242314	8.142800535	8.210846098	7.863218563	7.726580962	9.470221313	7.918772366	12.24600004	4.920550722	9.790396977	4.805644901	7.985923873	7.850180552	9.506193983	7.863218563	8.193022151
S20	-0.24869819197022583	-0.6972228160868764	-0.6830444394740494	-0.1811982232013284	0.2746466069298919	0.38724806431577113	0.40697739700544044	-0.15118154419429786	-0.21757194814730227	1	29.4	1	69.4	1	HBV	6.839183437	7.573281131	8.02119554	5.379811646	7.449304149	7.626883932	7.544277655	8.220642815	7.987856514	8.622068775	8.180436862	7.861291642	9.548921111	7.720596522	14.42240893	6.264949501	8.66045197	5.605599861	8.044284456	8.268284631	9.031545596	8.248323684	6.662108482
S21	-0.09078047996820031	-0.5825774383555802	-0.19633239031505956	-0.09501807029024649	0.005875637743185992	-0.41066589340706516	-0.20376828876047667	0.0028361412330976388	0.23148797927121045	1	29.9	1	48.9	1	HBV	7.274419545	8.268284631	8.6060964	5.24185934	7.576251666	7.685305259	8.118660168	8.454532321	8.137468681	7.901865466	8.033618104	7.521594132	9.040303687	8.397242293	12.20207474	5.605599861	6.857503916	7.456050174	7.82073321	8.15553276	8.342116413	8.514245397	8.731675453
S22	0.6156367528750115	0.42459648995345733	0.6293999902561564	1.0465994240916592	-0.3363759740348484	-0.44014322538286116	-0.41443034436781456	0.9643981678139144	0.35245380181717667	1	35.4	1	121.9	1	HBV	10.47072146	7.869504377	9.019322924	8.011617537	7.598401739	8.09216041	8.383205613	9.724272107	9.194773361	8.767458951	10.74637584	8.054053283	9.891644702	9.082440928	11.75365188	4.349460793	7.963741311	5.021690839	7.598401739	9.115667774	9.097545063	9.176168402	11.57622378
S23	-0.0876079944571252	-0.39094897381008986	-0.3257008019726788	-0.07311506237087069	0.2159407546885134	1.5079632712885862	0.5341780242304627	0.28623513860235467	-0.5114606095072529	0	5.6	1	38.4	1	HBV	7.492539086	7.505250909	8.703996145	4.756876966	7.933815148	7.720596522	8.1670553	8.120628477	7.831023454	8.966953429	7.898477416	8.1670553	9.4458642	7.941737216	11.47025424	4.920550722	7.985923873	4.202958247	7.630095403	8.781198112	9.938599166	8.188367725	8.512483401
S24	-0.20762700965019312	0.05060495909601462	0.2884686233234354	-0.063186168070714	-0.7214455657935961	-1.0301878679288512	-0.4728502451726579	1.052487376267639	-0.9747557151378503	0	11.6	1	44.9	1	HBV	7.36324055	6.938348069	10.2095304	5.68489043	7.395812979	8.531159072	9.548921111	7.922509822	8.144646964	9.10655086	8.405146305	8.647812078	10.22025013	8.589329134	7.792191597	4.170382499	7.497256295	4.170382499	8.731675453	9.171900529	7.972316238	9.62368639	7.591261405
S25	-0.10241687945538802	0.10760755591412977	0.33165262096073134	-0.4464260174100719	0.44565977539607093	-0.1857591352045807	-0.5627131426008264	0.024355833892686085	0.1584742453539996	1	27.9	1	133.3	1	HBV	8.169890708	7.689133113	9.044116828	5.617059848	8.703996145	7.952947983	8.528209929	10.2095304	7.663758768	8.80400573	8.296832848	8.073284387	8.875147527	8.633878079	11.03094982	5.183315291	12.63820875	4.756876966	7.808229883	8.162842098	8.473448975	8.616685363	7.345608485
S26	0.07937149788394922	0.9032364557014321	0.5005206108922704	0.2833542976665341	0.29326732350009244	-0.04966902446126092	0.22276486701249587	-0.6419600207236447	-0.17088181559161425	1	17.9	1	120.3	1	HBV	8.060046822	7.041291455	8.599798071	6.924713094	8.833573191	8.137468681	8.146493393	11.0474582	9.891644702	9.095156358	9.006494929	7.694959093	9.903915217	8.427236788	10.76782179	8.68881146	9.314248528	7.916669198	7.70487092	8.363444417	9.275994207	8.075305522	7.155659982
S27	-0.5784715612895612	-0.38731316400955823	-0.5558533351421393	-0.8184094602134615	-0.4560222723863016	-0.25355223182203585	-0.2450929079084783	-0.48485119560927004	0.15121956867305172	0	5.3	1	19.7	1	HBV	8.550381393	5.584365175	7.658986854	6.94728214	8.031402696	8.1670553	8.482481489	8.825782692	7.5879601	8.712784521	7.270193827	7.900171441	8.890478689	7.270193827	10.91941446	5.937482809	6.294694527	7.046419806	7.502649071	7.345608485	7.733914822	7.847959304	6.823952225
S29	-0.1659170704822828	0.20879744671440886	0.09564916779703761	0.14789037780792105	-0.6994627261165526	0.20509879579549772	0.1859038089606804	-0.6500123507915453	0.9887136116783148	0	11.3	1	39.7	1	HBV	8.274556926	7.006754122	7.983991232	5.793150662	8.104981422	8.081557191	8.739783326	9.409677282	8.203843101	7.977229491	7.898477416	7.505250909	9.380835365	7.806078494	11.97459186	4.937061447	7.845738055	4.713671039	7.320452483	8.222386312	8.265961588	8.933852386	7.740425178
S30	-0.5248475852847786	-0.18911411343840948	-0.514953938564879	0.02682684335844921	-0.6766845477004196	0.02640927738296281	0.14823982753977077	0.13009081327876376	1.2188378260246222	1	17.3	1	152.3	1	HBV	7.933815148	6.401515313	7.006754122	6.059608642	7.900171441	7.596482225	7.845738055	9.004100508	8.222386312	8.531159072	8.317824585	10.13043429	10.22025013	7.694959093	9.949161622	3.897041924	6.959010593	4.294074357	6.959010593	8.050937975	9.314248528	7.88554341	7.393598859
S31	0.02317300564131698	-0.6065239630768539	-0.7149958056057839	-0.00184498931544462	0.37248591220291494	-0.09342013231924222	-0.13234754814826963	-1.100915732499415	0.27107242018505967	0	5.7	1	29.4	1	Other	7.914566029	6.089981384	7.472660372	5.594139875	8.003568237	7.735747086	8.767458951	8.454532321	7.596482225	7.806078494	6.526338062	7.838748076	9.139593148	7.180009982	10.73684413	8.306087269	10.30213141	7.685305259	7.419642673	8.479018783	8.950012195	8.344176299	9.349242378
