cohort	target	adjustment	r	P
TCGA-LIHC	Cholangiocyte	raw	0.5336302464258947	1.0819745524585243e-28
TCGA-LIHC	Hepatocyte	raw	-0.22171494624658397	1.6334430642703446e-05
TCGA-LIHC	Immune	raw	0.2773874747591685	5.579251226571453e-08
TCGA-LIHC	Stromal	raw	0.3065478880496831	1.6355408487646725e-09
TCGA-LIHC	IFN-gamma	raw	0.24863764142514666	1.238977114800275e-06
TCGA-LIHC	Cholangiocyte	|Hepatocyte+Stromal+Immune	0.4480100357592492	1.0255564320382092e-19
TCGA-LIHC	Immune	|Hepatocyte+Stromal+Cholangiocyte	0.17021306608111858	0.000996465646818289
TCGA-LIHC	IFN-gamma	|Hepatocyte+Stromal+Immune	0.0933162335115194	0.07261366327267331
TCGA-LIHC	IFN-gamma	|Hepatocyte+Stromal+Cholangiocyte	0.20428823746118258	7.386876860121999e-05
TCGA-LIHC	Hepatocyte	|Cholangiocyte+Stromal+Immune	-0.02109805906976875	0.6854399614166492
TCGA-LIHC	Stromal	|Hepatocyte+Cholangiocyte+Immune	-0.021308737136546307	0.6824686969634407
GSE14520	Cholangiocyte	raw	0.2852054859115123	1.6653054540488646e-05
GSE14520	Hepatocyte	raw	-0.25512248653071856	0.00012566031638408198
GSE14520	Immune	raw	0.20814009849097417	0.0018656936548303148
GSE14520	Stromal	raw	0.12848028165817282	0.05651065969884723
GSE14520	IFN-gamma	raw	0.0744307425451266	0.27057181207036063
GSE14520	Cholangiocyte	|Hepatocyte+Stromal+Immune	0.23542713099565732	0.0004159168430262334
GSE14520	Immune	|Hepatocyte+Stromal+Cholangiocyte	0.1964816693598336	0.0033571548567592822
GSE14520	IFN-gamma	|Hepatocyte+Stromal+Immune	-0.12217022294178154	0.06988001418399692
GSE14520	IFN-gamma	|Hepatocyte+Stromal+Cholangiocyte	0.04868834252038958	0.4714468890057719
GSE14520	Hepatocyte	|Cholangiocyte+Stromal+Immune	-0.17203047395844862	0.010405838983091614
GSE14520	Stromal	|Hepatocyte+Cholangiocyte+Immune	-0.020157416083898892	0.7657089108826226
