gene,log2FC_adv,padj,p_stage,rho_immune,p_immune,rho_checkpoint,p_checkpoint,sig
HILPDA,1.1287353851417596,1.7393637429331245e-12,3.590858603796965e-07,0.3110761652975027,3.4065504918264314e-07,0.38703567768810737,1.2008404992740276e-10,True
OTC,-1.0626154889018755,0.0010565944119519,9.386199329859056e-07,-0.26550716596866264,1.5477088954329455e-05,-0.3555334358881549,4.200768423681436e-09,True
TFAP2A,1.8466409251022184,4.1947506772055e-06,1.8410665208523647e-06,0.23830028259110778,0.00011113120358131864,0.2850212381201654,3.275276724978927e-06,True
TTR,-1.3889247510844305,5.777979982141125e-06,5.130505170180077e-06,-0.21404132262878078,0.0005371323689806102,-0.2826428817741821,3.983127047615708e-06,True
FAM163A,1.0326792301972032,0.0008171698523715,5.36629852312192e-06,0.16278008138883943,0.008807610849466522,0.23185849204061554,0.00017165672384685624,True
ADAM32,2.126345807284635,4.272044601990443e-09,9.155473611730869e-06,0.29238796916597204,1.766304134831798e-06,0.2912601588639001,1.94362976231482e-06,True
AC005081.1,1.924815076081826,1.792069600546689e-07,9.469856992514783e-06,0.16699749431423466,0.007182643438384256,0.23538255846025605,0.00013552157301200896,True
CCL16,-1.1096703251435656,0.0007150008637494,1.0975724438262128e-05,-0.31862348277152364,1.6956438280566733e-07,-0.34303679430817247,1.551463658852219e-08,True
SPP2,-1.3180890249224602,0.0007247822081972,1.5462800231838265e-05,-0.19596767023117917,0.0015607273502088045,-0.2833535072741147,3.7576465691982587e-06,True
CA9,1.9447853424026995,0.0010127521836975,1.7023211966371084e-05,0.27249954680090605,8.993825289315997e-06,0.3688421823114039,9.802631747216873e-10,True
SPINK13,1.7758052567160476,0.0012693194796858,2.042125134286792e-05,0.1884684771613075,0.0023670361386785546,0.2197273609283217,0.00037688943838362594,True
SOX11,1.620148346765643,0.0015035316685601,2.1344101526545828e-05,0.21933093570450454,0.0003864286615575782,0.2555254047627751,3.273182558023111e-05,True
HOXB9,2.988480233388602,2.1541433983385326e-07,3.092085166250721e-05,0.1402334587476074,0.02427882084421933,0.19777812846543372,0.0014082266179949638,True
PCSK1N,1.9987189990344496,0.0014888333177204,3.3976819340624184e-05,0.27412256250962563,7.911990994905736e-06,0.26797121050544515,1.2804478014741144e-05,True
ELOVL3,1.5881566616709828,6.156910404641832e-05,3.737729341127574e-05,0.15027143424976086,0.01570373534927973,0.2008030838861034,0.0011835873822506134,True
ULBP1,1.1427020325409971,0.0014709966210538,3.8350309603700706e-05,0.2839673702972449,3.572710374303767e-06,0.29556893493118097,1.3456048069723273e-06,True
ADGRF4,2.7025261223770576,0.0002419432677395,3.971286381435547e-05,0.28590052682904216,3.0453290000975177e-06,0.3506143994992071,7.073619001080094e-09,True
PPFIA4,1.773713965758932,1.5270080721720955e-06,4.1440429151514756e-05,0.254019270191647,3.6552405332075106e-05,0.34496142591351664,1.2733961927819377e-08,True
AL109615.3,1.3770671278028406,0.0018456182792185,4.3594365268964045e-05,0.1466223865650575,0.01845216763578737,0.279324154363753,5.21794306382409e-06,True
SCTR-AS1,1.7117127585388674,2.1514447876913942e-06,4.360154765031486e-05,0.23414207558224578,0.0001473398197335755,0.2607979719087362,2.212007839451398e-05,True
MUC1,2.222827701906482,5.550467643061791e-10,4.3628208497421805e-05,0.32813012606696434,6.849651462169207e-08,0.37309329961578624,6.071610264096266e-10,True
AC087164.2,-1.023704741053692,0.0154001095875277,4.392031984904269e-05,-0.17675686887481096,0.004402169550034908,-0.25196156955079535,4.245636846214188e-05,True
SFRP2,1.4757168383287806,0.0380439805134862,5.521978448850729e-05,0.2485745787137581,5.4172977317235816e-05,0.22021250207596338,0.000365513236831503,True
C6orf223,1.506808539802541,0.0171982943747293,5.620876539030377e-05,0.14763537340749214,0.017650109569673732,0.23421144166406557,0.00014665427866464208,True
CYP7A1,-1.0313521116672546,0.0318612092718575,5.996642107812661e-05,-0.23140628690373244,0.00017689699534587339,-0.2995642518846694,9.516952682762357e-07,True
