metric,n,rho_raw,p_raw,rho_ES_ratio,p_ES_ratio,rho_stromal,p_stromal,rho_immune,p_immune,rho_ES+immune,p_ES+immune,rho_ESTIMATE_like,p_ESTIMATE_like,rho_stromal+immune,p_stromal+immune
TIDE,371,0.17910756515467408,0.0005277056236772487,0.21654756955041532,2.6546181225420778e-05,-0.012378364645295337,0.8124193794212619,0.0012708580806138692,0.9805632699081164,0.038805680824301615,0.4573705100195891,-0.12260125006211908,0.018313933013940412,-0.1303521193160705,0.012204049467569913
Dysfunction,371,0.2042087113249207,7.435825692746996e-05,0.24480827203435998,1.8814479229650002e-06,0.009526976772770462,0.8550811772863011,0.0251810173921067,0.6292347803687067,0.06618541433774819,0.20463446307426272,-0.10515149965540183,0.043239142838051706,-0.11426562445249284,0.028183917281329105
Exclusion,371,0.19480703301964894,0.00015948064853163422,0.19191761876212568,0.0002042535726695418,0.0654619589032993,0.20901695564067652,0.2886156788088375,1.5711575824580793e-08,0.2928744930957346,9.864631837247573e-09,0.1879585040680219,0.0002772527444474692,0.16934297195432002,0.0010925120453923209
CAF,371,0.3007350214485231,3.4129342117249636e-09,0.3814477963126353,2.920380685044468e-14,-0.02574770778376252,0.6215370695550317,0.27513824960613964,7.504996565021936e-08,0.3819586983180501,2.9054423026960115e-14,0.1089460284020822,0.036191731060279175,0.05410764964947368,0.2999189955012701
TAM M2,371,-0.33349212883446144,4.35472541872895e-11,-0.38806665286693337,9.560605769226917e-15,-0.21579779409581584,2.8349315031960692e-05,-0.23065893916038607,7.381286977202244e-06,-0.28967808889095176,1.447875038421997e-08,-0.1649635863257212,0.0014513271606175168,-0.1612171521211552,0.0018917570218059227
CD8,371,0.20112304832551378,9.589011883101488e-05,0.21143771004475917,4.1356510121452595e-05,0.09795252546186983,0.05979422101664872,-0.02846332539793725,0.5852302137448364,-0.041334243553468736,0.4285651623620677,-0.06700886059557597,0.19843409293131967,-0.04635684889227058,0.3745718604048743
MDSC,371,0.04770945157996889,0.3594729392874284,0.007959751931175782,0.8787190585016575,0.18999231186725862,0.0002371572898150267,0.16907034684416575,0.0010959485664064745,0.11648347589477955,0.025246827241361555,0.24529636791550555,1.7920706672568638e-06,0.25065060975178294,1.0794691406360852e-06
IFNG,371,0.15010829418628652,0.0037558628250623674,0.1643381549384262,0.0015139084764195544,0.0676412083615875,0.19422226548733407,-0.0544473227742564,0.29623265778076147,-0.053063168367853554,0.30935890068135524,-0.07840523158518618,0.13222900529403173,-0.05698342373805485,0.2749257165408596
CD274,371,0.14368346833247372,0.005561036298331957,0.17039343620985287,0.0009997800723715977,0.04709800514757267,0.3663220083681239,0.0010150872786800409,0.9844745204827551,0.02735745947300608,0.6003935194616348,-0.04936852606901804,0.3436454397903244,-0.0345995364751571,0.5076003445163513
MSI Score,371,-0.26468765568157776,2.296253689865318e-07,-0.25541205647576076,6.386424798833625e-07,-0.16647006625920327,0.0013102118008362733,-0.23223719284095393,6.364024411764224e-06,-0.2101269253425266,4.73735040572083e-05,-0.18340053398323664,0.0003911774127793479,-0.16229437709484934,0.0017614582968509794
