,DUOX2,SLC16A3,SPP2,MMP7
GSM362958,6.036,8.3295,8.455,3.716
GSM362959,7.331,7.409000000000001,8.737,4.693
GSM362960,7.647,8.8045,7.11,4.395
GSM362961,6.579,6.804499999999999,6.93,4.295
GSM362962,8.128,6.957,5.934,5.583
GSM362963,8.847,7.8645,5.312,4.796
GSM362964,7.243,7.465,4.475,3.765
GSM362965,7.118,7.809,10.387,5.5
GSM362966,7.417,7.393000000000001,7.031,3.941
GSM362967,7.429,7.255000000000001,5.248,3.675
GSM362968,8.255,7.0145,8.905,7.6
GSM362969,7.242,7.289999999999999,6.256,5.449
GSM362970,8.403,8.5875,4.59,3.8
GSM362971,6.936,7.648499999999999,7.081,6.006
GSM362972,7.262,7.5435,5.017,3.754
GSM362973,8.008,8.058,5.092,3.648
GSM362974,8.002,7.0715,3.93,3.491
GSM362975,7.239,7.367,4.215,3.813
GSM362976,8.567,7.759,10.77,3.73
GSM362977,7.804,7.068999999999999,3.962,3.851
GSM362978,8.051,7.621499999999999,4.779,3.67
GSM362979,8.632,7.629,6.381,4.495
GSM362980,7.213,7.0205,3.914,3.764
GSM362981,7.372,6.886,9.444,7.155
GSM362982,8.644,8.544,12.311,4.998
GSM362983,7.616,8.6955,8.218,3.505
GSM362984,6.715,9.114,6.457,3.575
GSM362985,8.117,8.3385,6.668,5.384
GSM362986,8.636,7.423500000000001,8.068,4.767
GSM362987,8.366,7.99,9.773,3.429
GSM362988,7.939,8.4325,5.948,4.097
GSM362989,7.144,8.094999999999999,5.771,3.759
GSM362990,8.096,7.5649999999999995,6.592,4.361
GSM362991,8.224,7.3255,8.754,7.5
GSM362992,7.808,8.139,5.095,3.529
GSM362993,6.637,8.956,7.065,3.641
GSM362994,7.523,8.29,7.517,3.648
GSM362995,8.083,7.5525,6.512,6.223
GSM362996,8.709,8.1165,6.179,4.172
GSM362997,8.083,8.0265,5.356,4.155
GSM362998,6.72,7.4785,4.806,3.609
GSM362999,8.0,6.477,4.895,4.236
GSM363000,9.259,8.2905,6.029,3.704
GSM363001,8.204,7.500500000000001,5.029,3.906
GSM363002,8.432,8.212,7.679,5.126
GSM363003,8.721,8.571,6.476,4.53
GSM363004,8.167,8.618500000000001,6.177,4.417
GSM363005,8.549,8.494,7.161,4.443
GSM363006,8.482,8.381499999999999,5.455,4.123
GSM363007,7.515,8.2555,8.712,9.04
GSM363008,7.414,7.986,10.07,8.714
GSM363009,8.09,8.099,8.922,7.167
GSM363010,5.49,7.4195,11.397,6.379
GSM363011,7.894,7.577,11.008,5.876
GSM363012,7.472,8.7635,7.262,4.232
GSM363013,8.296,8.0815,10.987,7.84
GSM363014,7.42,8.04,6.238,3.598
GSM363015,8.515,7.187,8.727,6.394
GSM363016,8.297,8.5805,6.755,4.493
GSM363017,7.748,8.065999999999999,11.978,7.003
GSM363018,8.349,7.957,7.585,5.224
GSM363019,8.406,8.649000000000001,5.804,5.065
GSM363020,8.213,8.557500000000001,4.885,4.136
GSM363021,7.886,8.8305,5.503,6.241
GSM363022,8.472,7.9475,5.554,4.334
GSM363023,7.347,8.168,5.154,4.835
GSM363024,8.342,8.217500000000001,6.596,4.492
GSM363025,8.128,8.306999999999999,5.656,3.925
GSM363026,8.295,8.5695,4.974,3.803
GSM363027,8.723,7.633,7.077,5.422
GSM363028,7.569,8.218,8.744,6.518
GSM363029,7.587,8.489,10.833,7.244
GSM363030,8.326,7.2195,8.835,7.305
GSM363031,7.43,8.573500000000001,10.617,4.085
GSM363032,8.231,9.0985,10.177,3.861
GSM363033,8.266,8.551,7.561,4.415
GSM363034,8.93,8.8025,5.004,4.115
GSM363035,7.641,8.8475,5.18,5.065
GSM363036,7.642,8.819,5.629,3.339
GSM363037,9.011,9.102500000000001,11.558,3.964
GSM363038,8.15,7.9615,5.467,3.597
GSM363039,7.685,8.105,4.79,3.649
GSM363040,6.912,7.5245,5.519,4.076
GSM363041,7.17,7.1735,11.312,10.753
GSM363042,7.59,7.589,6.845,4.078
GSM363043,8.446,7.9975000000000005,7.555,7.152
GSM363044,8.445,8.6215,7.093,6.121
GSM363045,3.7,4.8705,3.952,4.08
GSM363046,7.895,8.3285,5.59,4.784
GSM363047,8.072,8.4445,5.001,4.186
GSM363048,8.448,9.133,9.466,3.558
GSM363049,8.404,9.3445,10.225,4.126
GSM363050,5.259,7.006500000000001,5.244,4.057
GSM363051,6.424,9.478000000000002,9.559,4.106
GSM363052,7.94,8.7715,12.299,6.747
GSM363053,8.569,9.568,5.444,4.809
GSM363054,7.791,8.3385,7.037,3.665
GSM363055,4.83,6.844,9.844,7.573
GSM363056,7.799,8.317,9.14,3.731
GSM363057,7.851,9.457,12.781,5.931
GSM363058,7.364,7.4195,4.681,3.883
GSM363059,8.584,8.519,7.037,4.899
GSM363060,8.283,8.151,5.264,4.412
GSM363061,7.863,7.976,5.608,4.796
GSM363062,8.3,7.717499999999999,6.036,4.224
GSM363063,6.293,7.474,5.405,4.458
GSM363064,8.105,8.602,4.89,4.115
GSM363065,8.123,8.8055,4.66,4.058
GSM363066,7.813,7.2415,5.835,4.705
GSM363067,7.967,8.124,8.319,6.75
GSM363068,8.574,7.872,6.188,4.373
GSM363069,8.034,9.225,9.115,3.736
GSM363070,7.255,10.046,9.606,3.972
GSM363071,7.83,8.819,10.069,3.682
GSM363072,8.303,8.7345,8.004,3.854
GSM363073,7.482,7.012500000000001,10.321,3.73
GSM363074,6.731,7.372999999999999,12.15,5.827
GSM363075,7.521,8.4185,8.786,5.174
GSM363076,6.87,7.981,7.708,4.488
GSM363077,7.365,8.489,6.067,3.528
GSM363078,8.168,9.1845,12.625,5.493
GSM363079,9.009,7.015499999999999,9.553,4.359
GSM363080,6.166,7.7700000000000005,10.858,3.214
GSM363081,5.826,9.011,11.216,5.377
GSM363082,7.052,9.2755,4.106,3.78
GSM363083,6.741,8.6395,11.849,6.568
GSM363084,8.294,8.432500000000001,9.026,3.828
GSM363085,9.247,8.5165,4.727,3.76
GSM363086,6.274,8.662,4.817,3.459
GSM363087,7.346,7.064500000000001,5.255,3.92
GSM363088,7.931,7.4085,11.608,4.803
GSM363089,7.416,8.012,8.044,4.932
GSM363090,7.979,8.079,5.884,4.269
GSM363091,7.286,8.402,7.766,6.088
GSM363092,7.985,7.3525,8.184,6.976
GSM363093,7.912,8.615,4.35,4.018
GSM363094,8.159,8.624500000000001,5.513,3.869
GSM363095,7.323,7.957,8.157,6.473
GSM363096,8.574,8.208,8.428,4.485
GSM363097,7.853,8.415,5.189,4.582
GSM363098,7.277,7.388,10.051,5.235
GSM363099,5.051,7.0795,10.666,11.61
GSM363100,7.78,7.792999999999999,12.042,5.948
GSM363101,8.515,9.254,5.435,3.339
GSM363102,7.767,8.628,7.106,3.645
GSM363103,7.98,7.855,7.135,4.937
GSM363104,7.051,8.735,7.67,4.431
GSM363105,8.826,9.548,11.542,5.978
GSM363106,9.234,9.404,10.817,3.622
GSM363107,8.951,9.7905,6.6,3.485
GSM363108,7.901,8.2935,5.652,3.849
GSM363109,7.517,8.956,11.567,10.723
GSM363110,4.459,8.1095,6.39,6.069
GSM363111,5.4,7.329,6.806,4.826
GSM363112,8.627,8.712,6.737,4.193
GSM363113,8.342,8.1965,6.332,4.901
GSM363114,8.345,8.1425,5.909,4.839
GSM363115,8.479,7.8645000000000005,5.692,4.418
GSM363116,8.406,8.8275,6.862,4.885
GSM363117,8.244,8.243500000000001,7.956,7.339
GSM363118,8.368,8.1255,7.435,5.887
GSM363119,8.252,8.514,7.596,6.361
GSM363120,6.582,7.5915,5.871,4.73
GSM363121,7.868,8.5125,12.733,5.547
GSM363122,4.868,8.8295,6.934,4.344
GSM363123,8.82,8.693999999999999,9.621,3.859
GSM363124,7.595,9.203,3.454,3.793
GSM363125,8.597,7.6425,9.853,5.082
GSM363126,8.151,9.1445,9.836,4.594
GSM363127,8.374,9.001,11.867,3.869
GSM363128,9.048,8.3845,9.226,3.847
GSM363129,8.69,8.202,8.952,3.867
GSM363130,5.585,9.0365,6.899,3.801
GSM363131,8.072,8.5875,5.351,4.038
GSM363132,8.097,8.113,6.535,5.092
GSM363133,7.518,8.4095,7.429,5.855
GSM363134,7.139,8.3475,5.99,4.779
GSM363135,6.713,8.1945,7.601,5.984
GSM363136,9.047,8.609,6.197,5.222
GSM363137,9.178,7.663500000000001,7.15,5.102
GSM363138,8.495,8.4895,6.206,4.302
GSM363139,8.412,8.198,6.359,6.513
GSM363140,8.45,7.9425,5.532,3.973
GSM363141,7.265,7.306,6.403,4.015
GSM363142,7.86,8.702,11.183,4.211
GSM363143,5.555,7.982,11.058,8.395
GSM363144,6.955,7.6315,12.028,6.358
GSM363145,6.155,7.8580000000000005,10.575,5.213
GSM363146,6.704,7.697,12.975,8.887
GSM363147,9.196,7.8315,7.235,3.52
GSM363148,8.151,6.701,7.525,3.834
GSM363149,6.16,8.1525,7.298,3.912
GSM363150,7.509,9.2715,10.298,4.967
GSM363151,7.635,8.309000000000001,8.127,3.808
GSM363152,6.126,7.3515,3.703,3.565
GSM363153,7.458,7.831,9.656,7.392
GSM363154,8.398,8.1845,6.15,4.771
GSM363155,6.999,7.8260000000000005,5.707,4.349
GSM363156,8.944,8.186,7.294,4.709
GSM363157,7.627,8.2415,5.949,4.596
GSM363158,8.768,8.713000000000001,5.515,4.398
GSM363159,7.093,7.696,7.162,5.245
GSM363160,8.237,7.6805,5.972,3.994
GSM363161,7.943,7.9815000000000005,7.57,4.859
GSM363162,8.329,7.224,6.703,5.39
GSM363163,6.881,8.088000000000001,5.22,4.702
GSM363164,8.17,6.4605,5.407,4.317
GSM363165,7.327,8.261,5.78,4.133
GSM363166,7.589,8.923,4.696,3.801
GSM363167,7.042,7.9959999999999996,5.542,3.607
GSM363168,7.705,7.996,3.995,3.246
GSM363169,8.16,9.2665,11.935,4.251
GSM363170,7.405,8.324,11.6,4.695
GSM363171,7.526,8.4665,8.336,3.976
GSM363172,8.439,8.2215,10.709,4.502
GSM363173,8.123,7.641,8.768,9.474
GSM363174,8.853,7.547499999999999,8.154,3.457
GSM363175,8.565,7.994999999999999,6.359,4.62
GSM363176,8.595,8.459999999999999,8.881,4.775
GSM363177,8.53,8.176,6.697,4.998
GSM363178,8.899,8.229,10.993,4.443
GSM363179,8.189,8.438,5.121,3.556
GSM363180,9.018,7.846,7.334,3.943
GSM363181,8.042,7.7625,5.612,3.778
GSM363182,6.713,10.224,6.825,3.731
GSM363183,7.752,8.051,7.301,5.872
GSM363184,7.13,8.286,10.978,9.935
GSM363185,8.541,7.9405,8.73,6.429
GSM363186,8.644,8.0315,6.204,4.484
GSM363187,8.285,8.3305,4.713,3.761
GSM363188,7.974,8.4355,8.17,6.068
GSM363189,8.877,8.2375,6.515,4.297
GSM363190,8.372,9.5335,12.535,9.112
GSM363191,8.461,7.8355,8.6,7.196
GSM363192,6.768,8.8275,9.325,3.6
GSM363193,8.517,8.2895,5.632,5.057
GSM363194,8.294,7.592499999999999,8.779,3.216
GSM363195,7.721,8.734,6.858,4.698
GSM363196,8.409,7.7379999999999995,10.91,3.452
GSM363197,7.584,8.719999999999999,7.673,5.098
GSM363198,8.648,8.938,7.176,4.088
GSM363199,8.206,8.1095,5.31,4.235
GSM363200,8.429,8.150500000000001,7.869,3.794
GSM363201,7.867,8.5,5.458,3.945
GSM363202,7.53,9.2285,4.173,3.29
GSM363203,8.336,8.432500000000001,5.962,4.559
GSM363204,8.439,8.656,10.392,5.084
GSM363205,8.27,9.911000000000001,6.756,3.865
GSM363206,8.468,8.593,5.874,3.727
GSM363207,7.863,8.218,12.817,8.797
GSM363208,7.872,7.895999999999999,9.931,9.683
GSM363209,8.854,7.6575,6.784,4.722
GSM363210,8.409,8.5105,6.238,4.46
GSM363211,7.239,6.9190000000000005,8.327,4.714
GSM363212,7.704,7.5649999999999995,6.671,5.749
GSM363213,7.185,7.3645000000000005,4.478,3.741
GSM363214,8.074,8.3675,4.701,3.716
GSM363215,9.143,8.0055,8.63,4.808
GSM363216,7.42,7.738,8.531,6.544
GSM363217,4.325,6.898,4.436,4.477
GSM363218,9.301,8.308,12.556,3.171
GSM363219,7.72,7.88,8.702,7.293
GSM363220,8.126,8.5885,9.255,7.039
GSM363221,8.665,7.949999999999999,9.243,4.331
GSM363222,8.431,8.182,4.446,3.618
GSM363223,8.353,8.41,4.359,3.889
GSM363224,6.854,8.3505,8.192,3.508
GSM363225,8.226,8.417,6.289,4.795
GSM363226,7.062,8.349,11.565,3.715
GSM363227,8.777,8.1445,6.686,4.548
GSM363228,8.601,8.502,8.09,3.981
GSM363229,8.053,8.4205,5.233,3.398
GSM363230,7.373,9.307,6.135,4.01
GSM363231,8.14,8.120999999999999,5.709,4.541
GSM363232,9.198,8.5765,6.625,3.347
GSM363233,8.565,8.432,7.134,4.545
GSM363234,8.425,7.49,6.954,4.503
GSM363235,7.206,8.847000000000001,10.977,4.983
GSM363236,7.965,8.137,8.596,5.22
GSM363237,7.438,9.157499999999999,11.71,3.227
GSM363238,8.561,8.389,6.422,4.933
GSM363239,7.778,8.666,7.888,3.931
GSM363240,7.963,8.127500000000001,6.697,5.039
GSM363241,7.499,7.935,3.584,3.6
GSM363242,8.493,8.4665,5.69,4.568
GSM363243,7.557,7.962,8.566,4.005
GSM363244,7.605,7.618499999999999,8.562,5.394
GSM363245,8.944,9.141,8.449,5.105
GSM363246,8.344,8.031,7.444,6.313
GSM363247,6.035,8.629,9.69,3.984
GSM363248,8.654,8.398,7.573,3.827
GSM363249,8.282,8.135,7.356,3.763
GSM363250,8.16,7.8865,5.625,4.18
GSM363251,7.97,9.0625,8.953,5.665
GSM363252,8.373,7.8435,5.682,4.346
GSM363253,8.179,8.1995,5.384,4.079
GSM363254,8.353,8.375499999999999,5.393,4.068
GSM363255,7.928,8.607,6.049,4.603
GSM363256,7.811,8.4865,6.878,5.114
GSM363257,8.487,8.0915,7.044,8.016
GSM363258,8.414,8.46,5.473,4.213
GSM363259,8.209,8.612,5.131,4.044
GSM363260,8.142,7.9670000000000005,6.389,4.397
GSM363261,8.452,8.3245,5.809,4.009
GSM363262,7.622,8.594000000000001,5.638,4.187
GSM363263,9.211,8.781,10.891,3.99
GSM363264,7.785,7.8774999999999995,10.687,4.259
GSM363265,8.156,8.3595,10.012,6.097
GSM363266,7.676,8.6235,7.486,4.468
GSM363267,6.729,7.810499999999999,6.955,3.793
GSM363268,8.049,9.2145,8.691,4.242
GSM363269,6.933,8.434999999999999,4.05,4.192
GSM363270,6.425,8.541,6.055,3.277
GSM363271,6.275,8.04,11.742,10.793
GSM363272,8.246,7.899000000000001,9.585,3.783
GSM363273,8.224,8.448,4.662,4.196
GSM363274,8.458,8.612,8.454,3.793
GSM363275,7.297,8.3635,4.908,4.031
GSM363276,8.179,8.3895,5.557,4.356
GSM363277,8.114,8.530000000000001,6.966,5.271
GSM363278,8.899,8.0505,4.929,4.172
GSM363279,7.767,8.0885,6.457,5.221
GSM363280,7.674,8.706,5.209,5.685
GSM363281,8.148,8.1365,5.518,5.512
GSM363282,8.663,8.2685,6.448,5.066
GSM363283,8.934,8.658000000000001,5.917,4.197
GSM363284,8.317,8.698,6.127,4.057
GSM363285,7.677,7.8165,8.42,7.034
GSM363286,8.75,8.384500000000001,4.367,4.351
GSM363287,8.211,8.3235,6.605,6.255
GSM363288,6.995,8.103,7.14,5.966
GSM363289,7.898,8.082,6.407,3.919
GSM363290,8.616,8.983,8.098,4.921
GSM363291,8.236,8.5885,7.792,5.1
GSM363292,7.167,8.378,12.314,4.019
GSM363293,8.937,7.744,9.521,5.134
GSM363294,8.424,8.0875,10.667,7.88
GSM363295,7.106,8.7395,8.785,4.1
GSM363296,8.853,7.2265,7.65,3.87
GSM363297,8.316,8.6845,8.395,3.456
GSM363298,7.69,6.7565,7.254,5.051
GSM363299,7.707,8.108,5.362,4.578
GSM363300,8.053,8.0575,6.456,5.014
GSM363301,8.024,7.706,5.333,4.135
GSM363302,8.568,8.2015,6.102,4.619
GSM363303,7.113,7.934,6.701,4.81
GSM363304,8.707,8.0665,6.351,5.045
GSM363305,8.364,8.8195,6.255,4.524
GSM363306,8.077,8.495000000000001,5.317,4.464
GSM363307,8.503,8.1135,8.772,5.57
GSM363308,7.49,7.345,3.917,3.902
GSM363309,8.622,9.322000000000001,9.643,4.349
GSM363310,8.06,8.655,10.905,6.338
GSM363311,6.773,9.4585,8.437,4.179
GSM363312,7.567,8.6685,5.797,4.178
GSM363313,7.786,7.506,6.421,3.876
GSM363314,8.558,9.0365,4.778,4.192
GSM363315,8.945,6.7155,3.468,4.145
GSM363316,9.119,7.5525,3.903,3.92
GSM363317,8.192,8.6285,11.898,4.204
GSM363318,6.028,8.3235,5.052,4.162
GSM363319,7.357,7.714,8.132,6.314
GSM363320,8.077,7.824,5.299,4.35
GSM363321,8.636,8.2645,5.051,4.061
GSM363322,7.801,7.4215,6.136,4.653
GSM363323,8.18,8.296,5.187,4.016
GSM363324,7.567,8.467500000000001,6.319,4.791
GSM363325,7.432,8.811,5.634,4.181
GSM363326,8.841,7.756,8.66,4.198
GSM363327,8.107,7.479,8.32,3.959
GSM363328,7.42,8.293,11.187,4.03
GSM363329,8.927,8.484,5.939,4.173
GSM363330,5.612,8.966999999999999,11.246,4.896
GSM363331,8.969,8.8995,7.513,3.96
GSM363332,8.251,7.781499999999999,9.951,5.224
GSM363333,7.488,6.702,11.672,6.413
GSM363334,8.496,6.9025,7.091,4.215
GSM363335,8.899,8.4505,5.385,4.421
GSM363336,7.234,8.2765,11.299,3.883
GSM363337,8.177,6.556,10.264,6.341
GSM363338,8.85,8.6415,4.121,3.934
GSM363339,8.044,8.102,9.257,4.641
GSM363340,8.338,8.1755,7.534,5.23
GSM363341,8.134,8.969,10.876,3.932
GSM363342,7.772,8.2725,5.679,5.245
GSM363343,7.741,7.9585,6.135,3.646
GSM363344,7.485,8.707,8.704,3.775
GSM363345,8.161,8.2705,5.916,3.918
GSM363346,8.023,8.6555,7.372,4.245
GSM363347,8.349,7.7620000000000005,8.88,7.908
GSM363348,6.651,8.7195,10.471,8.608
GSM363349,8.181,8.3915,7.466,4.329
GSM363350,7.954,8.285,10.499,3.628
GSM363351,8.122,7.3475,7.299,4.657
GSM363352,8.243,7.0435,11.993,6.908
GSM363353,7.856,8.1885,7.766,5.28
GSM363354,6.767,8.6355,11.153,3.127
GSM363355,8.475,8.7165,12.501,5.12
GSM363356,7.904,8.055499999999999,7.448,4.431
GSM363357,7.832,7.9285000000000005,7.811,3.755
GSM363358,8.111,8.5555,10.349,3.917
GSM363359,8.427,8.1805,7.693,4.569
GSM363360,6.813,9.06,7.509,3.728
GSM363361,8.389,8.462,6.305,4.194
GSM363362,9.021,6.967499999999999,8.054,3.346
GSM363363,7.847,8.31,7.106,5.251
GSM363364,6.546,9.217500000000001,7.164,3.515
GSM363365,7.924,8.5515,4.874,3.56
GSM363366,7.812,8.138,4.172,3.779
GSM363367,7.654,8.1265,6.529,4.479
GSM363368,7.176,8.26,11.612,3.424
GSM363369,7.778,7.861000000000001,9.336,8.608
GSM363370,7.723,7.0425,5.725,4.219
GSM363371,7.813,7.911,6.397,3.582
GSM363372,8.108,7.513999999999999,8.142,5.079
GSM363373,7.623,7.644500000000001,6.208,4.371
GSM363374,8.823,8.391,6.163,4.53
GSM363375,7.664,8.3165,8.717,5.177
GSM363376,7.682,9.1275,8.529,3.613
GSM363378,5.552,6.529999999999999,4.962,3.998
GSM363380,8.9,8.0,6.112,3.921
GSM363381,8.399,8.0225,7.026,5.216
GSM363382,8.686,8.2235,6.364,3.773
GSM363384,8.267,8.5165,12.566,3.778
GSM363386,8.644,7.247,8.778,6.807
GSM363388,8.156,7.208,11.915,7.349
GSM363391,8.179,7.895,5.693,4.289
GSM363393,6.575,6.890000000000001,9.37,4.074
GSM363397,8.333,8.0775,4.836,3.905
GSM363400,7.158,8.763,7.825,3.587
GSM363402,7.568,8.0525,5.527,3.993
GSM363404,7.825,8.6255,7.235,3.747
GSM363407,7.311,7.252,8.675,5.262
GSM363417,7.365,8.160499999999999,4.613,4.119
GSM712532,8.005,8.036,9.862,3.81
GSM712533,8.383,8.224499999999999,5.533,3.914
GSM712534,5.92,8.0245,8.294,6.624
GSM712535,8.612,8.117999999999999,6.359,4.366
GSM712536,8.387,8.321,4.708,3.992
GSM712537,7.403,8.331,5.433,4.517
GSM712538,8.809,8.256499999999999,7.83,3.939
GSM712539,7.637,8.3315,4.673,3.748
GSM712540,8.34,8.5365,5.453,4.354
GSM712541,8.002,8.4515,7.995,6.896
GSM712542,7.193,8.011,11.349,4.479
