Gene_set,Term,Overlap,P-value,Adjusted P-value,Old P-value,Old Adjusted P-value,Odds Ratio,Combined Score,Genes
KEGG_2021_Human,Retinol metabolism,7/68,0.00016809121300617884,0.0240370434598835,0,0,6.652342613250558,57.81553487302709,CYP2A7;CYP26A1;CYP3A7-CYP3A51P;CYP2B6;UGT2B17;UGT2A1;CYP3A7
KEGG_2021_Human,Steroid hormone biosynthesis,5/61,0.0040053280444764,0.2863809551800659,0,0,5.1467962184873945,28.41098314459897,CYP3A7-CYP3A51P;UGT2B17;UGT2A1;CYP7A1;CYP3A7
KEGG_2021_Human,Renin-angiotensin system,3/23,0.0069763556841209,0.2887858612720917,0,0,8.611842105263158,42.75976477869333,MME;CMA1;KLK2
KEGG_2021_Human,Maturity onset diabetes of the young,3/26,0.0098597792941336,0.2887858612720917,0,0,7.4874141876430205,34.58654867337868,PAX6;MAFA;GCK
KEGG_2021_Human,Metabolism of xenobiotics by cytochrome P450,5/76,0.0100974077367864,0.2887858612720917,0,0,4.056338028169014,18.640806278407236,CYP2A7;CYP2B6;CYP2A13;UGT2B17;UGT2A1
KEGG_2021_Human,Bile secretion,5/90,0.0197993306174351,0.4718840463822032,0,0,3.385813148788927,13.279521956223956,UGT2B17;ATP1A2;KCNN2;UGT2A1;CYP7A1
KEGG_2021_Human,GnRH secretion,4/64,0.0245956853899041,0.5024547158223277,0,0,3.83088954056696,14.194151558861094,GABBR2;GNRH2;KCNN2;CGA
KEGG_2021_Human,Drug metabolism,5/108,0.0392480764105317,0.7015593658382541,0,0,2.791547687035979,9.038620619315925,CYP2A7;CYP2B6;UGT2B17;UPP2;UGT2A1
KEGG_2021_Human,Arginine biosynthesis,2/22,0.0546288794899782,0.7335005749517566,0,0,5.724489795918367,16.642194417414643,GLS2;OTC
KEGG_2021_Human,Chemical carcinogenesis,8/239,0.0560406491781956,0.7335005749517566,0,0,1.9961205955271235,5.7521767523547975,CYP2A7;CYP3A7-CYP3A51P;CYP2B6;CYP2A13;UGT2B17;UGT2A1;RXRG;CYP3A7
KEGG_2021_Human,Proximal tubule bicarbonate reclamation,2/23,0.059167221575735,0.7335005749517566,0,0,5.451617381646536,15.413835275964558,GLS2;ATP1A2
KEGG_2021_Human,Insulin secretion,4/86,0.0615524958001474,0.7335005749517566,0,0,2.7999427794864458,7.80586213540811,ATP1A2;KCNN2;CCK;GCK
KEGG_2021_Human,D-Glutamine and D-glutamate metabolism,1/5,0.0833330173099305,0.8340218406032224,0,0,14.28125,35.48762725089822,GLS2
KEGG_2021_Human,"Neomycin, kanamycin and gentamicin biosynthesis",1/5,0.0833330173099305,0.8340218406032224,0,0,14.28125,35.48762725089822,GCK
KEGG_2021_Human,Arachidonic acid metabolism,3/61,0.0882689533309465,0.8340218406032224,0,0,2.9638535995160313,7.194359938983162,PLA2G2D;CYP2B6;ALOX15B
KEGG_2021_Human,Ascorbate and aldarate metabolism,2/30,0.0941262319448745,0.8340218406032224,0,0,4.0872553102873805,9.658668656584762,UGT2B17;UGT2A1
KEGG_2021_Human,Caffeine metabolism,1/6,0.0991494495822012,0.8340218406032224,0,0,11.424418604651162,26.403282015428974,CYP2A7
KEGG_2021_Human,Gastric cancer,5/149,0.1159115715957627,0.8602675691643299,0,0,1.9925449346405228,4.293790258036787,SHC4;TERT;WNT3A;CTNNA2;RXRG
KEGG_2021_Human,Pentose and glucuronate interconversions,2/34,0.1161635428099519,0.8602675691643299,0,0,3.575619533527697,7.697437223242067,UGT2B17;UGT2A1
KEGG_2021_Human,Prolactin signaling pathway,3/70,0.1203171425404657,0.8602675691643299,0,0,2.5645456925896832,5.430743938299399,SHC4;CGA;GCK
KEGG_2021_Human,Primary immunodeficiency,2/38,0.1393378884784019,0.9081362893226108,0,0,3.177680596047943,6.262742744209914,TNFRSF13B;CD8B2
KEGG_2021_Human,Thyroid hormone synthesis,3/75,0.1397132752804016,0.9081362893226108,0,0,2.385843079922027,4.695728050263253,TTR;ATP1A2;CGA
KEGG_2021_Human,Porphyrin and chlorophyll metabolism,2/43,0.1695244625958894,0.9979986430189136,0,0,2.7894474863115977,4.950594354815462,UGT2B17;UGT2A1
KEGG_2021_Human,Type II diabetes mellitus,2/46,0.1881203940998874,0.9979986430189136,0,0,2.5988603233501193,4.341846102966184,MAFA;GCK
KEGG_2021_Human,Intestinal immune network for IgA production,2/48,0.2006676322673347,0.9979986430189136,0,0,2.485612878691849,3.9921560440396138,CCL25;TNFRSF13B
KEGG_2021_Human,Sphingolipid metabolism,2/49,0.2069777042829244,0.9979986430189136,0,0,2.432603436511383,3.831701194640824,ACER1;ASAH2
KEGG_2021_Human,Salivary secretion,3/93,0.2165857414904302,0.9979986430189136,0,0,1.9069200779727096,2.9171467923568413,CST1;ADRA1D;ATP1A2
KEGG_2021_Human,Endocrine and other factor-regulated calcium reabsorption,2/53,0.2323997366312622,0.9979986430189136,0,0,2.2413536843308752,3.270799334118648,ATP1A2;KLK2
KEGG_2021_Human,Hematopoietic cell lineage,3/99,0.2439351492922302,0.9979986430189136,0,0,1.78718932748538,2.521461192996191,MME;CD8B2;MS4A1
KEGG_2021_Human,Viral protein interaction with cytokine and cytokine receptor,3/100,0.2485484070991089,0.9979986430189136,0,0,1.7686742629770302,2.4622026678526354,CCL25;CCL19;CCL16
KEGG_2021_Human,Primary bile acid biosynthesis,1/17,0.2561586771656971,0.9979986430189136,0,0,3.5681322674418605,4.859646978350921,CYP7A1
KEGG_2021_Human,Pancreatic secretion,3/102,0.2578137604297295,0.9979986430189136,0,0,1.7327662590820485,2.3487955308617123,PLA2G2D;ATP1A2;CCK
KEGG_2021_Human,Protein digestion and absorption,3/103,0.262464060366944,0.9979986430189136,0,0,1.7153508771929824,2.29452386720922,MME;MEP1B;ATP1A2
KEGG_2021_Human,Mineral absorption,2/60,0.2772267521532991,0.9979986430189136,0,0,1.9701417512817936,2.527533285916665,MT1M;ATP1A2
KEGG_2021_Human,Histidine metabolism,1/22,0.3181962631661348,0.9979986430189136,0,0,2.717884828349945,3.1122143311647243,UROC1
KEGG_2021_Human,Glycolysis / Gluconeogenesis,2/67,0.3218954516356028,0.9979986430189136,0,0,1.7573446961202064,1.9920002455706087,ENO3;GCK
KEGG_2021_Human,Central carbon metabolism in cancer,2/70,0.3408491124777342,0.9979986430189136,0,0,1.6795575373006346,1.8077336174342509,GLS2;GCK
KEGG_2021_Human,alpha-Linolenic acid metabolism,1/25,0.3529136452779844,0.9979986430189136,0,0,2.377785852713178,2.47653977634839,PLA2G2D
KEGG_2021_Human,PPAR signaling pathway,2/74,0.3658537747383735,0.9979986430189136,0,0,1.5859248461289277,1.594681606265731,CYP7A1;RXRG
KEGG_2021_Human,Neuroactive ligand-receptor interaction,7/341,0.3744281347370176,0.9979986430189136,0,0,1.1980211175282571,1.176882503339005,GABBR2;GNRH2;CRH;ADRA1D;CCK;GRPR;CGA
KEGG_2021_Human,Gastric acid secretion,2/76,0.3782206608888796,0.9979986430189136,0,0,1.542904420455441,1.500131244510119,KCNJ10;ATP1A2
KEGG_2021_Human,Arrhythmogenic right ventricular cardiomyopathy,2/77,0.3843665442859464,0.9979986430189136,0,0,1.522254616132167,1.45551690238188,ACTN2;CTNNA2
KEGG_2021_Human,Bacterial invasion of epithelial cells,2/77,0.3843665442859464,0.9979986430189136,0,0,1.522254616132167,1.45551690238188,SHC4;CTNNA2
KEGG_2021_Human,Butanoate metabolism,1/28,0.3858680810947532,0.9979986430189136,0,0,2.1132644272179157,2.012376606017348,ACSM1
KEGG_2021_Human,Linoleic acid metabolism,1/29,0.3964766895671567,0.9979986430189136,0,0,2.037686877076412,1.8851416234892655,PLA2G2D
KEGG_2021_Human,Galactose metabolism,1/31,0.4171488457997587,0.9979986430189136,0,0,1.9016472868217056,1.6626333782933105,GCK
KEGG_2021_Human,Estrogen signaling pathway,3/137,0.4218032942766802,0.9979986430189136,0,0,1.2778868813825608,1.1030926589572558,SHC4;GABBR2;KRT12
KEGG_2021_Human,Chemokine signaling pathway,4/192,0.4232223816659881,0.9979986430189136,0,0,1.214637798714669,1.0444154369226348,SHC4;CCL25;CCL19;CCL16
KEGG_2021_Human,Complement and coagulation cascades,2/85,0.4325130939644807,0.9979986430189136,0,0,1.3749692648143594,1.1524204217875862,CFHR4;CFHR3
KEGG_2021_Human,GABAergic synapse,2/89,0.4558266709289285,0.9979986430189136,0,0,1.3114841995911666,1.030357921132989,GABBR2;GLS2
KEGG_2021_Human,Nicotinate and nicotinamide metabolism,1/35,0.4563989331149866,0.9979986430189136,0,0,1.6775820793433651,1.315875249714325,ASPDH
KEGG_2021_Human,Starch and sucrose metabolism,1/36,0.4657924704180668,0.9979986430189136,0,0,1.6295681063122924,1.2450146177040955,GCK
KEGG_2021_Human,"Alanine, aspartate and glutamate metabolism",1/37,0.4750241474085617,0.9979986430189136,0,0,1.58422157622739,1.1792781281586575,GLS2
KEGG_2021_Human,Aldosterone-regulated sodium reabsorption,1/37,0.4750241474085617,0.9979986430189136,0,0,1.58422157622739,1.1792781281586575,ATP1A2
KEGG_2021_Human,Thyroid cancer,1/37,0.4750241474085617,0.9979986430189136,0,0,1.58422157622739,1.1792781281586575,RXRG
KEGG_2021_Human,GnRH signaling pathway,2/93,0.4785807715643206,0.9979986430189136,0,0,1.2535802390029795,0.9238012374550572,GNRH2;CGA
KEGG_2021_Human,Cushing syndrome,3/155,0.5020037764027852,0.9979986430189136,0,0,1.1255193905817171,0.7756490279713558,NR5A1;WNT3A;CRH
KEGG_2021_Human,Glycerophospholipid metabolism,2/98,0.5061911240517548,0.9979986430189136,0,0,1.187985908649174,0.8088294730378729,PLA2G2D;ETNPPL
KEGG_2021_Human,Fat digestion and absorption,1/43,0.527167591599051,0.9979986430189136,0,0,1.3574889258028793,0.869114325670502,PLA2G2D
KEGG_2021_Human,Wnt signaling pathway,3/166,0.548134266953994,0.9979986430189136,0,0,1.0489721235604348,0.6306787645220536,DKK4;WNT3A;LGR6
KEGG_2021_Human,"Parathyroid hormone synthesis, secretion and action",2/106,0.5483450545286104,0.9979986430189136,0,0,1.0961538461538465,0.6586246179314525,CASR;RXRG
KEGG_2021_Human,Hepatocellular carcinoma,3/168,0.5562503216678738,0.9979986430189136,0,0,1.0361509835194045,0.6077407518430155,SHC4;TERT;WNT3A
KEGG_2021_Human,Carbohydrate digestion and absorption,1/47,0.5590274782896436,0.9979986430189136,0,0,1.2391936299292214,0.7206612972158888,ATP1A2
KEGG_2021_Human,Amino sugar and nucleotide sugar metabolism,1/48,0.56665215102478,0.9979986430189136,0,0,1.2127659574468086,0.6888627715966231,GCK
KEGG_2021_Human,Ether lipid metabolism,1/49,0.574145363785179,0.9979986430189136,0,0,1.187439437984496,0.65887768870051,PLA2G2D
KEGG_2021_Human,Cytokine-cytokine receptor interaction,5/295,0.5779550907970383,0.9979986430189136,0,0,0.981997971602434,0.5383893348275014,CCL25;TNFRSF13B;CXCL17;CCL19;CCL16
KEGG_2021_Human,Arginine and proline metabolism,1/50,0.5815093765862647,0.9979986430189136,0,0,1.1631466540104414,0.6305745813190116,PRODH
KEGG_2021_Human,Cholesterol metabolism,1/50,0.5815093765862647,0.9979986430189136,0,0,1.1631466540104414,0.6305745813190116,CYP7A1
KEGG_2021_Human,Serotonergic synapse,2/113,0.5831139207055237,0.9979986430189136,0,0,1.026659312373598,0.55375201291592,KCNN2;ALOX15B
KEGG_2021_Human,Ovarian steroidogenesis,1/51,0.5887464108340326,0.9979986430189136,0,0,1.1398255813953488,0.6038336921536495,CGA
KEGG_2021_Human,Autoimmune thyroid disease,1/53,0.6028482390669718,0.9979986430189136,0,0,1.0958743291592128,0.5546108095890896,CGA
KEGG_2021_Human,Glycosaminoglycan biosynthesis,1/53,0.6028482390669718,0.9979986430189136,0,0,1.0958743291592128,0.5546108095890896,NDST3
KEGG_2021_Human,Sphingolipid signaling pathway,2/119,0.611317391924293,0.9979986430189136,0,0,0.9737110961600758,0.4792011970066187,ACER1;ASAH2
KEGG_2021_Human,Regulation of lipolysis in adipocytes,1/55,0.6164678691523144,0.9979986430189136,0,0,1.0551787252368647,0.5104417332418869,CGA
KEGG_2021_Human,Thyroid hormone signaling pathway,2/121,0.6203900907346561,0.9979986430189136,0,0,0.9572482054046108,0.4569968218734491,ATP1A2;RXRG
KEGG_2021_Human,Pyrimidine metabolism,1/56,0.6231020200351576,0.9979986430189136,0,0,1.0359408033826638,0.4900466354915868,UPP2
KEGG_2021_Human,Endometrial cancer,1/58,0.6360290060910566,0.9979986430189136,0,0,0.9994900040799674,0.4522803308008996,CTNNA2
KEGG_2021_Human,Transcriptional misregulation in cancer,3/192,0.646516263695421,0.9979986430189136,0,0,0.9034623596027104,0.3940513642187184,NR4A3;PAX5;RXRG
KEGG_2021_Human,Long-term depression,1/60,0.6485138566507992,0.9979986430189136,0,0,0.9655104454079622,0.4181354509997554,CRH
KEGG_2021_Human,Basal cell carcinoma,1/63,0.6664449745690632,0.9979986430189136,0,0,0.9186515378844712,0.3727866826059093,WNT3A
KEGG_2021_Human,Vascular smooth muscle contraction,2/133,0.6714124175766769,0.9979986430189136,0,0,0.8690272183028064,0.3461958499166458,PLA2G2D;ADRA1D
KEGG_2021_Human,Cortisol synthesis and secretion,1/65,0.6778893427134338,0.9979986430189136,0,0,0.8898528343023255,0.3459491681851645,NR5A1
KEGG_2021_Human,Insulin signaling pathway,2/137,0.6871417850604826,0.9979986430189136,0,0,0.8431054961667207,0.3163455126992721,SHC4;GCK
KEGG_2021_Human,Adipocytokine signaling pathway,1/69,0.6996167509242146,0.9979986430189136,0,0,0.8373375512995896,0.2991158909151732,RXRG
KEGG_2021_Human,Signaling pathways regulating pluripotency of stem cells,2/143,0.7095728532234091,0.9979986430189136,0,0,0.8069805429770692,0.2768686533196992,WNT3A;PAX6
KEGG_2021_Human,Adherens junction,1/71,0.7099260552475999,0.9979986430189136,0,0,0.8133305647840532,0.2786425471964164,CTNNA2
KEGG_2021_Human,Non-small cell lung cancer,1/72,0.7149476329523529,0.9979986430189136,0,0,0.801834261382247,0.2690522627094899,RXRG
KEGG_2021_Human,Lipid and atherosclerosis,3/215,0.7200964290715977,0.9979986430189136,0,0,0.804493545183714,0.2641716634299821,CYP2A7;CYP2B6;RXRG
KEGG_2021_Human,cAMP signaling pathway,3/216,0.7230079599674881,0.9979986430189136,0,0,0.8006753974137221,0.259687092849742,GABBR2;ATP1A2;CGA
KEGG_2021_Human,Breast cancer,2/147,0.7237699594213811,0.9979986430189136,0,0,0.7845581582386649,0.2536332737186877,SHC4;WNT3A
KEGG_2021_Human,Glioma,1/75,0.7294982085427186,0.9979986430189136,0,0,0.7692096165933375,0.2426074567660794,SHC4
KEGG_2021_Human,Adrenergic signaling in cardiomyocytes,2/150,0.7340301929810716,0.9979986430189136,0,0,0.7685367583326767,0.2376354977887603,ADRA1D;ATP1A2
KEGG_2021_Human,Chronic myeloid leukemia,1/76,0.7341819033388105,0.9979986430189136,0,0,0.7589147286821706,0.2345034796707611,SHC4
KEGG_2021_Human,Synaptic vesicle cycle,1/78,0.7433080840130992,0.9979986430189136,0,0,0.7391271519178496,0.2192581311540297,SLC6A2
KEGG_2021_Human,Antigen processing and presentation,1/78,0.7433080840130992,0.9979986430189136,0,0,0.7391271519178496,0.2192581311540297,CD8B2
KEGG_2021_Human,RNA degradation,1/79,0.7477533306355608,0.9979986430189136,0,0,0.72961389385808,0.212085718753841,ENO3
KEGG_2021_Human,ErbB signaling pathway,1/85,0.7728582915322041,0.9979986430189136,0,0,0.6772909745293466,0.1745105012127742,SHC4
KEGG_2021_Human,Hippo signaling pathway,2/163,0.7748157236813772,0.9979986430189136,0,0,0.7060101769190373,0.1801244144185532,WNT3A;CTNNA2
KEGG_2021_Human,Taste transduction,1/86,0.7767931829022858,0.9979986430189136,0,0,0.6692886456908345,0.1690496877228318,GABBR2
KEGG_2021_Human,Cardiac muscle contraction,1/87,0.7806601016756828,0.9979986430189136,0,0,0.6614724175229854,0.1637907790795158,ATP1A2
KEGG_2021_Human,cGMP-PKG signaling pathway,2/167,0.7862199731566734,0.9979986430189136,0,0,0.688753423447301,0.1656580516078979,ADRA1D;ATP1A2
KEGG_2021_Human,Morphine addiction,1/91,0.7954711680930044,0.9979986430189136,0,0,0.6319444444444444,0.144601954729544,GABBR2
KEGG_2021_Human,Small cell lung cancer,1/92,0.7990153892953554,0.9979986430189136,0,0,0.6249680552006134,0.1402272528247425,RXRG
KEGG_2021_Human,Staphylococcus aureus infection,1/95,0.8092848010652737,0.9979986430189136,0,0,0.6049294903513113,0.1280057315665375,KRT12
KEGG_2021_Human,Aldosterone synthesis and secretion,1/98,0.8190309298334922,0.9979986430189136,0,0,0.586130424358667,0.1170112273220717,ATP1A2
KEGG_2021_Human,Choline metabolism in cancer,1/98,0.8190309298334922,0.9979986430189136,0,0,0.586130424358667,0.1170112273220717,SLC22A2
KEGG_2021_Human,Melanogenesis,1/101,0.8282803658856253,0.9979986430189136,0,0,0.5684593023255814,0.1070997652372564,WNT3A
KEGG_2021_Human,Alcoholism,2/186,0.8337119545402838,0.9979986430189136,0,0,0.6170300418303968,0.1122175966915678,SHC4;CRH
KEGG_2021_Human,T cell receptor signaling pathway,1/104,0.8370583525044977,0.9979986430189136,0,0,0.5518175660419959,0.0981470970807544,CD8B2
KEGG_2021_Human,NF-kappa B signaling pathway,1/104,0.8370583525044977,0.9979986430189136,0,0,0.5518175660419959,0.0981470970807544,CCL19
KEGG_2021_Human,Th17 cell differentiation,1/107,0.8453888534033898,0.9979986430189136,0,0,0.5361178148310662,0.090045584711629,RXRG
KEGG_2021_Human,Glucagon signaling pathway,1/107,0.8453888534033898,0.9979986430189136,0,0,0.5361178148310662,0.090045584711629,GCK
KEGG_2021_Human,HIF-1 signaling pathway,1/109,0.8507051996291612,0.9979986430189136,0,0,0.5261358742463393,0.0850707131749524,ENO3
KEGG_2021_Human,Glutamatergic synapse,1/114,0.8632121020379445,0.9979986430189136,0,0,0.502726898538794,0.073948535301687,GLS2
KEGG_2021_Human,Leukocyte transendothelial migration,1/114,0.8632121020379445,0.9979986430189136,0,0,0.502726898538794,0.073948535301687,CTNNA2
KEGG_2021_Human,Diabetic cardiomyopathy,2/203,0.8679145293847517,0.9979986430189136,0,0,0.5643502603600076,0.0799470078144671,CMA1;PDK4
KEGG_2021_Human,"Growth hormone synthesis, secretion and action",1/119,0.8746740272826833,0.9979986430189136,0,0,0.481301734331888,0.0644482285329055,SHC4
KEGG_2021_Human,Neurotrophin signaling pathway,1/119,0.8746740272826833,0.9979986430189136,0,0,0.481301734331888,0.0644482285329055,SHC4
KEGG_2021_Human,Relaxin signaling pathway,1/129,0.894804018849659,0.9979986430189136,0,0,0.4434729287790697,0.0492922635084435,SHC4
KEGG_2021_Human,Natural killer cell mediated cytotoxicity,1/131,0.8984251565319706,0.9979986430189136,0,0,0.4366055456171735,0.0467656383938888,SHC4
KEGG_2021_Human,Dopaminergic synapse,1/132,0.900188842058322,0.9979986430189136,0,0,0.4332504881945677,0.0455565978099978,CALY
KEGG_2021_Human,Huntington disease,3/306,0.9007120432669288,0.9979986430189136,0,0,0.5602454982340339,0.0585846864624712,DNAH12;KCNJ10;DNAH6
KEGG_2021_Human,MicroRNAs in cancer,3/310,0.905448716422216,0.9979986430189136,0,0,0.5528315903765929,0.0549097980915842,SHC4;WNT3A;GLS2
KEGG_2021_Human,Yersinia infection,1/137,0.9085596233650074,0.9979986430189136,0,0,0.4172152872777018,0.040008761902626,CD8B2
KEGG_2021_Human,Ras signaling pathway,2/232,0.9117263342372596,0.9979986430189136,0,0,0.4924578527062999,0.0455106924187472,SHC4;PLA2G2D
KEGG_2021_Human,Apoptosis,1/142,0.9162302262980964,0.9979986430189136,0,0,0.4023173346528121,0.0351977809176731,SPTA1
KEGG_2021_Human,Calcium signaling pathway,2/240,0.9211717057774264,0.9979986430189136,0,0,0.4757086508072616,0.0390598788523042,ADRA1D;GRPR
KEGG_2021_Human,Cell adhesion molecules,1/148,0.9245926098253217,0.9979986430189136,0,0,0.3857775668406897,0.0302457560556499,CD8B2
KEGG_2021_Human,Phospholipase D signaling pathway,1/148,0.9245926098253217,0.9979986430189136,0,0,0.3857775668406897,0.0302457560556499,SHC4
KEGG_2021_Human,Spliceosome,1/150,0.927190781248856,0.9979986430189136,0,0,0.3805603246449196,0.0287688115013842,RBMXL2
KEGG_2021_Human,mTOR signaling pathway,1/154,0.9321223649147028,0.9979986430189136,0,0,0.3705350357197142,0.0260453449245991,WNT3A
KEGG_2021_Human,Alzheimer disease,3/369,0.9551670527876468,0.9979986430189136,0,0,0.4622998753714888,0.0212052465814676,DKK4;MME;WNT3A
KEGG_2021_Human,NOD-like receptor signaling pathway,1/181,0.9577366286022336,0.9979986430189136,0,0,0.3145187338501292,0.0135816916246565,CASR
KEGG_2021_Human,Pathways of neurodegeneration,4/475,0.9655012768809432,0.9979986430189136,0,0,0.4777754948291213,0.0167736726072444,DKK4;DNAH12;WNT3A;DNAH6
KEGG_2021_Human,Focal adhesion,1/201,0.9702581010050292,0.9979986430189136,0,0,0.2827761627906976,0.0085379057486981,SHC4
KEGG_2021_Human,Proteoglycans in cancer,1/205,0.9722775596185924,0.9979986430189136,0,0,0.2771745326037391,0.0077924737563592,WNT3A
KEGG_2021_Human,Human T-cell leukemia virus 1 infection,1/219,0.9783277599614488,0.9979986430189136,0,0,0.2591876466823127,0.0056789392802593,TERT
KEGG_2021_Human,Human papillomavirus infection,2/331,0.9792471397835404,0.9979986430189136,0,0,0.3425168591101225,0.0071829988941533,TERT;WNT3A
KEGG_2021_Human,Pathways in cancer,4/531,0.9828183649364126,0.9979986430189136,0,0,0.4257597088594211,0.0073788211493954,TERT;WNT3A;CTNNA2;RXRG
KEGG_2021_Human,Amyotrophic lateral sclerosis,2/364,0.9874259363626434,0.9979986430189136,0,0,0.3107614000612084,0.0039323083066809,DNAH12;DNAH6
KEGG_2021_Human,Endocytosis,1/252,0.9878780509811728,0.9979986430189136,0,0,0.2247289910126934,0.0027407990517475,SH3GL2
KEGG_2021_Human,Olfactory transduction,2/440,0.9961338416620672,0.9979986430189136,0,0,0.2558275756486547,0.000990986807384822,OR10J5;ANO2
KEGG_2021_Human,PI3K-Akt signaling pathway,1/354,0.9979986430189136,0.9979986430189136,0,0,0.158953158969629,0.0003184407776037915,TCL1A
