sample_id,case_id,barcode,sample_type,stage_group,OS_time_days,OS_event,risk_score,risk_group
TCGA-DD-AACI-01A,TCGA-DD-AACI,TCGA-DD-AACI-01A,Primary Tumor,intermediate,1618.0,0.0,0.14823200614136856,high
TCGA-G3-AAV3-01A,TCGA-G3-AAV3,TCGA-G3-AAV3-01A,Primary Tumor,intermediate,412.0,0.0,0.10638999156966411,low
TCGA-EP-A3RK-01A,TCGA-EP-A3RK,TCGA-EP-A3RK-01A,Primary Tumor,advanced,363.0,0.0,0.3651224896608648,high
TCGA-BC-A8YO-01A,TCGA-BC-A8YO,TCGA-BC-A8YO-01A,Primary Tumor,advanced,562.0,0.0,0.35154824190712586,high
TCGA-GJ-A3OU-01A,TCGA-GJ-A3OU,TCGA-GJ-A3OU-01A,Primary Tumor,early,879.0,0.0,0.6097591818214633,high
TCGA-DD-AAEB-01A,TCGA-DD-AAEB,TCGA-DD-AAEB-01A,Primary Tumor,early,478.0,0.0,-0.05332426074465525,low
TCGA-RC-A7S9-01A,TCGA-RC-A7S9,TCGA-RC-A7S9-01A,Primary Tumor,early,640.0,0.0,0.06523089019952164,low
TCGA-G3-AAV7-01A,TCGA-G3-AAV7,TCGA-G3-AAV7-01A,Primary Tumor,intermediate,361.0,0.0,0.763224856099771,high
TCGA-DD-AACB-01A,TCGA-DD-AACB,TCGA-DD-AACB-01A,Primary Tumor,early,2324.0,0.0,0.09333668586104454,low
TCGA-CC-5258-01A,TCGA-CC-5258,TCGA-CC-5258-01A,Primary Tumor,intermediate,129.0,1.0,0.45660777705484296,high
TCGA-BC-A5W4-01A,TCGA-BC-A5W4,TCGA-BC-A5W4-01A,Primary Tumor,early,547.0,1.0,-0.2245327722150363,low
TCGA-BC-A10Z-01A,TCGA-BC-A10Z,TCGA-BC-A10Z-01A,Primary Tumor,early,34.0,1.0,-0.07943459271937664,low
TCGA-O8-A75V-01A,TCGA-O8-A75V,TCGA-O8-A75V-01A,Primary Tumor,early,538.0,0.0,0.1874965661092388,high
TCGA-G3-A6UC-01A,TCGA-G3-A6UC,TCGA-G3-A6UC-01A,Primary Tumor,advanced,671.0,0.0,-0.03135760766261682,low
TCGA-DD-AADI-01A,TCGA-DD-AADI,TCGA-DD-AADI-01A,Primary Tumor,early,1085.0,0.0,0.024938764183653647,low
TCGA-DD-AADO-01A,TCGA-DD-AADO,TCGA-DD-AADO-01A,Primary Tumor,early,453.0,0.0,0.19242999215312803,high
TCGA-CC-5263-01A,TCGA-CC-5263,TCGA-CC-5263-01A,Primary Tumor,advanced,129.0,1.0,0.5588727828981499,high
TCGA-MI-A75C-01A,TCGA-MI-A75C,TCGA-MI-A75C-01A,Primary Tumor,early,291.0,0.0,0.2069744933050496,high
TCGA-CC-A9FV-01A,TCGA-CC-A9FV,TCGA-CC-A9FV-01A,Primary Tumor,advanced,0.0,0.0,0.37138984781780293,high
TCGA-BW-A5NQ-01A,TCGA-BW-A5NQ,TCGA-BW-A5NQ-01A,Primary Tumor,early,0.0,0.0,0.12184323241858212,high
TCGA-DD-A1EH-01A,TCGA-DD-A1EH,TCGA-DD-A1EH-01A,Primary Tumor,advanced,1495.0,0.0,0.16136027583814866,high
TCGA-2Y-A9H2-01A,TCGA-2Y-A9H2,TCGA-2Y-A9H2-01A,Primary Tumor,early,1731.0,0.0,0.5116142692985802,high
TCGA-CC-A8HS-01A,TCGA-CC-A8HS,TCGA-CC-A8HS-01A,Primary Tumor,advanced,300.0,1.0,0.020520666890394577,low
TCGA-CC-A7IH-01A,TCGA-CC-A7IH,TCGA-CC-A7IH-01A,Primary Tumor,advanced,365.0,0.0,-0.04329052598434714,low
TCGA-DD-AADU-01A,TCGA-DD-AADU,TCGA-DD-AADU-01A,Primary Tumor,intermediate,554.0,0.0,0.028160777736312745,low
TCGA-2Y-A9GV-01A,TCGA-2Y-A9GV,TCGA-2Y-A9GV-01A,Primary Tumor,advanced,2532.0,1.0,0.057084512436335944,low
TCGA-5R-AA1D-01A,TCGA-5R-AA1D,TCGA-5R-AA1D-01A,Primary Tumor,advanced,449.0,0.0,0.20534698248080205,high
TCGA-FV-A2QQ-01A,TCGA-FV-A2QQ,TCGA-FV-A2QQ-01A,Primary Tumor,early,729.0,0.0,0.06070508631851937,low
TCGA-CC-A7IF-01A,TCGA-CC-A7IF,TCGA-CC-A7IF-01A,Primary Tumor,advanced,649.0,1.0,0.2523389511861969,high
TCGA-DD-A73E-01A,TCGA-DD-A73E,TCGA-DD-A73E-01A,Primary Tumor,early,44.0,0.0,0.12684778209965084,high
TCGA-DD-AAE9-01A,TCGA-DD-AAE9,TCGA-DD-AAE9-01A,Primary Tumor,early,722.0,0.0,0.22841371050611856,high
TCGA-XR-A8TC-01A,TCGA-XR-A8TC,TCGA-XR-A8TC-01A,Primary Tumor,early,1339.0,0.0,-0.07769304623003975,low
TCGA-ED-A7PX-01A,TCGA-ED-A7PX,TCGA-ED-A7PX-01A,Primary Tumor,intermediate,6.0,0.0,0.7601346479370644,high
TCGA-G3-A7M8-01A,TCGA-G3-A7M8,TCGA-G3-A7M8-01A,Primary Tumor,early,430.0,0.0,-0.038773327720553426,low
TCGA-G3-A25X-01A,TCGA-G3-A25X,TCGA-G3-A25X-01A,Primary Tumor,intermediate,1779.0,0.0,0.7873320804194254,high
TCGA-FV-A2QR-01A,TCGA-FV-A2QR,TCGA-FV-A2QR-01A,Primary Tumor,early,581.0,1.0,0.22718317949535646,high
TCGA-CC-A7IJ-01A,TCGA-CC-A7IJ,TCGA-CC-A7IJ-01A,Primary Tumor,intermediate,382.0,0.0,0.49700521570679074,high
TCGA-G3-AAUZ-01A,TCGA-G3-AAUZ,TCGA-G3-AAUZ-01A,Primary Tumor,early,480.0,0.0,-0.04329779686612754,low
TCGA-DD-AACK-01A,TCGA-DD-AACK,TCGA-DD-AACK-01A,Primary Tumor,early,9.0,0.0,0.1735801504850446,high
TCGA-CC-A123-01A,TCGA-CC-A123,TCGA-CC-A123-01A,Primary Tumor,advanced,219.0,0.0,-0.1190083456746988,low
TCGA-RG-A7D4-01A,TCGA-RG-A7D4,TCGA-RG-A7D4-01A,Primary Tumor,intermediate,1098.0,0.0,-0.0078191077485623,low
TCGA-CC-5262-01A,TCGA-CC-5262,TCGA-CC-5262-01A,Primary Tumor,advanced,103.0,1.0,0.34185341269484726,high
TCGA-DD-AADK-01A,TCGA-DD-AADK,TCGA-DD-AADK-01A,Primary Tumor,intermediate,1049.0,0.0,0.345511050494567,high
TCGA-MI-A75E-01A,TCGA-MI-A75E,TCGA-MI-A75E-01A,Primary Tumor,advanced,507.0,0.0,0.2877339785684353,high
TCGA-DD-AADA-01A,TCGA-DD-AADA,TCGA-DD-AADA-01A,Primary Tumor,early,1233.0,0.0,-0.02346780177474061,low
TCGA-G3-A7M7-01A,TCGA-G3-A7M7,TCGA-G3-A7M7-01A,Primary Tumor,early,361.0,0.0,-6.941319205000995e-05,low
TCGA-2Y-A9GU-01A,TCGA-2Y-A9GU,TCGA-2Y-A9GU-01A,Primary Tumor,early,1939.0,0.0,-0.0052243147378140875,low
TCGA-DD-AAD3-01A,TCGA-DD-AAD3,TCGA-DD-AAD3-01A,Primary Tumor,early,1295.0,0.0,0.1002725096777855,low
TCGA-FV-A3I1-01A,TCGA-FV-A3I1,TCGA-FV-A3I1-01A,Primary Tumor,intermediate,247.0,1.0,0.23514051004688025,high
TCGA-2Y-A9HA-01A,TCGA-2Y-A9HA,TCGA-2Y-A9HA-01A,Primary Tumor,intermediate,36.0,1.0,0.15010924426959218,high
TCGA-ZS-A9CD-01A,TCGA-ZS-A9CD,TCGA-ZS-A9CD-01A,Primary Tumor,intermediate,1386.0,1.0,0.23510472628813336,high
TCGA-WQ-AB4B-01A,TCGA-WQ-AB4B,TCGA-WQ-AB4B-01A,Primary Tumor,intermediate,395.0,0.0,-0.026473007804016985,low
TCGA-DD-A3A6-01A,TCGA-DD-A3A6,TCGA-DD-A3A6-01A,Primary Tumor,intermediate,3258.0,1.0,0.278602757725898,high
TCGA-DD-A4NV-01A,TCGA-DD-A4NV,TCGA-DD-A4NV-01A,Primary Tumor,advanced,2398.0,0.0,0.12044814916178322,low
TCGA-DD-AADF-01A,TCGA-DD-AADF,TCGA-DD-AADF-01A,Primary Tumor,early,115.0,1.0,-0.055307237366347295,low
TCGA-DD-AACP-01A,TCGA-DD-AACP,TCGA-DD-AACP-01A,Primary Tumor,early,415.0,0.0,0.33805826017048035,high
TCGA-ZP-A9CY-01A,TCGA-ZP-A9CY,TCGA-ZP-A9CY-01A,Primary Tumor,early,782.0,0.0,0.05758102997506763,low
TCGA-FV-A4ZQ-01A,TCGA-FV-A4ZQ,TCGA-FV-A4ZQ-01A,Primary Tumor,early,12.0,0.0,0.18332732665267693,high
TCGA-FV-A23B-01A,TCGA-FV-A23B,TCGA-FV-A23B-01A,Primary Tumor,intermediate,1852.0,1.0,-0.05177058822496449,low
TCGA-DD-A114-01A,TCGA-DD-A114,TCGA-DD-A114-01A,Primary Tumor,intermediate,1149.0,1.0,0.48575810195858493,high
TCGA-WX-AA46-01A,TCGA-WX-AA46,TCGA-WX-AA46-01A,Primary Tumor,intermediate,756.0,0.0,-0.1327044596708616,low
TCGA-LG-A9QC-01A,TCGA-LG-A9QC,TCGA-LG-A9QC-01A,Primary Tumor,early,425.0,0.0,0.020490445367848747,low
TCGA-BC-A10U-01A,TCGA-BC-A10U,TCGA-BC-A10U-01A,Primary Tumor,intermediate,837.0,1.0,0.36433674493745843,high
TCGA-MR-A8JO-01A,TCGA-MR-A8JO,TCGA-MR-A8JO-01A,Primary Tumor,early,330.0,0.0,0.3952912287026562,high
TCGA-BC-A3KF-01A,TCGA-BC-A3KF,TCGA-BC-A3KF-01A,Primary Tumor,early,8.0,0.0,-0.059384574616512475,low
TCGA-BC-4073-01B,TCGA-BC-4073,TCGA-BC-4073-01B,Primary Tumor,advanced,849.0,0.0,0.6493624970912231,high
TCGA-G3-AAV4-01A,TCGA-G3-AAV4,TCGA-G3-AAV4-01A,Primary Tumor,early,27.0,1.0,0.06450534709049362,low
TCGA-DD-AADS-01A,TCGA-DD-AADS,TCGA-DD-AADS-01A,Primary Tumor,early,474.0,0.0,-0.17332555327440674,low
TCGA-DD-AACT-01A,TCGA-DD-AACT,TCGA-DD-AACT-01A,Primary Tumor,early,1562.0,0.0,-0.04305308780024294,low
TCGA-ES-A2HS-01A,TCGA-ES-A2HS,TCGA-ES-A2HS-01A,Primary Tumor,early,688.0,1.0,-0.21367357474760978,low
TCGA-ZP-A9D2-01A,TCGA-ZP-A9D2,TCGA-ZP-A9D2-01A,Primary Tumor,intermediate,765.0,1.0,0.4768577255005194,high
TCGA-RC-A6M3-01A,TCGA-RC-A6M3,TCGA-RC-A6M3-01A,Primary Tumor,intermediate,0.0,0.0,0.7682531403399605,high
TCGA-CC-5261-01A,TCGA-CC-5261,TCGA-CC-5261-01A,Primary Tumor,intermediate,97.0,1.0,0.24059266897182865,high
TCGA-DD-AAVZ-01A,TCGA-DD-AAVZ,TCGA-DD-AAVZ-01A,Primary Tumor,early,1900.0,0.0,-0.12104285651581136,low
TCGA-K7-A5RG-01A,TCGA-K7-A5RG,TCGA-K7-A5RG-01A,Primary Tumor,early,519.0,0.0,0.12138393607875268,high
TCGA-DD-AADL-01A,TCGA-DD-AADL,TCGA-DD-AADL-01A,Primary Tumor,early,636.0,0.0,-0.0538844352713992,low
TCGA-LG-A9QD-01A,TCGA-LG-A9QD,TCGA-LG-A9QD-01A,Primary Tumor,advanced,366.0,0.0,0.014995800935564815,low
TCGA-KR-A7K2-01A,TCGA-KR-A7K2,TCGA-KR-A7K2-01A,Primary Tumor,early,829.0,0.0,0.0034550708527339396,low
TCGA-UB-A7MD-01A,TCGA-UB-A7MD,TCGA-UB-A7MD-01A,Primary Tumor,early,52.0,1.0,0.3237611870095485,high
TCGA-DD-A1EC-01A,TCGA-DD-A1EC,TCGA-DD-A1EC-01A,Primary Tumor,early,602.0,0.0,0.38845333674884397,high
TCGA-DD-AADN-01A,TCGA-DD-AADN,TCGA-DD-AADN-01A,Primary Tumor,early,898.0,0.0,0.24358496863407825,high
TCGA-G3-A25T-01A,TCGA-G3-A25T,TCGA-G3-A25T-01A,Primary Tumor,advanced,1553.0,0.0,0.2906536401649216,high
TCGA-WJ-A86L-01A,TCGA-WJ-A86L,TCGA-WJ-A86L-01A,Primary Tumor,early,345.0,0.0,0.14397843620279388,high
TCGA-K7-A5RF-01A,TCGA-K7-A5RF,TCGA-K7-A5RF-01A,Primary Tumor,early,631.0,0.0,0.09699445234027593,low
TCGA-CC-A1HT-01A,TCGA-CC-A1HT,TCGA-CC-A1HT-01A,Primary Tumor,advanced,101.0,1.0,0.7953073563428903,high
TCGA-DD-AACO-01A,TCGA-DD-AACO,TCGA-DD-AACO-01A,Primary Tumor,early,1876.0,0.0,-0.12869578595137685,low
TCGA-DD-AAVP-01A,TCGA-DD-AAVP,TCGA-DD-AAVP-01A,Primary Tumor,early,2752.0,0.0,0.00450326030102235,low
TCGA-DD-A11C-01A,TCGA-DD-A11C,TCGA-DD-A11C-01A,Primary Tumor,early,662.0,0.0,0.06452870524309627,low
TCGA-DD-AAE1-01A,TCGA-DD-AAE1,TCGA-DD-AAE1-01A,Primary Tumor,early,552.0,0.0,-0.15259053094742764,low
TCGA-DD-AAVW-01A,TCGA-DD-AAVW,TCGA-DD-AAVW-01A,Primary Tumor,early,2317.0,0.0,0.16995153629516652,high
TCGA-CC-A8HU-01A,TCGA-CC-A8HU,TCGA-CC-A8HU-01A,Primary Tumor,advanced,344.0,1.0,0.35069518846961556,high
TCGA-G3-A25Y-01A,TCGA-G3-A25Y,TCGA-G3-A25Y-01A,Primary Tumor,early,452.0,1.0,0.21217163603556963,high
TCGA-RC-A7SB-01A,TCGA-RC-A7SB,TCGA-RC-A7SB-01A,Primary Tumor,intermediate,588.0,0.0,0.008105205937169365,low
TCGA-DD-AAW1-01A,TCGA-DD-AAW1,TCGA-DD-AAW1-01A,Primary Tumor,advanced,1989.0,0.0,0.013209583943175144,low
TCGA-G3-A3CH-01A,TCGA-G3-A3CH,TCGA-G3-A3CH-01A,Primary Tumor,advanced,780.0,0.0,0.07144237010151028,low
TCGA-ZP-A9D1-01A,TCGA-ZP-A9D1,TCGA-ZP-A9D1-01A,Primary Tumor,early,21.0,0.0,-0.0015396917699466671,low
TCGA-DD-A39Z-01A,TCGA-DD-A39Z,TCGA-DD-A39Z-01A,Primary Tumor,intermediate,601.0,1.0,-0.03816085220158901,low
TCGA-DD-AACX-01A,TCGA-DD-AACX,TCGA-DD-AACX-01A,Primary Tumor,intermediate,170.0,0.0,0.23587415131655723,high
TCGA-DD-A115-01A,TCGA-DD-A115,TCGA-DD-A115-01A,Primary Tumor,advanced,2542.0,1.0,0.13610312501896216,high
TCGA-DD-A39W-01A,TCGA-DD-A39W,TCGA-DD-A39W-01A,Primary Tumor,advanced,827.0,1.0,-0.15816200085099935,low
TCGA-DD-AADQ-01A,TCGA-DD-AADQ,TCGA-DD-AADQ-01A,Primary Tumor,intermediate,436.0,0.0,0.09630089428386633,low
TCGA-2Y-A9H0-01A,TCGA-2Y-A9H0,TCGA-2Y-A9H0-01A,Primary Tumor,advanced,3675.0,0.0,0.29111407467116457,high
TCGA-KR-A7K8-01A,TCGA-KR-A7K8,TCGA-KR-A7K8-01A,Primary Tumor,early,906.0,0.0,0.12166269575388829,high
TCGA-DD-A3A3-01A,TCGA-DD-A3A3,TCGA-DD-A3A3-01A,Primary Tumor,early,535.0,1.0,0.6264012003598428,high
TCGA-ED-A459-01A,TCGA-ED-A459,TCGA-ED-A459-01A,Primary Tumor,intermediate,910.0,0.0,0.5448155418485934,high
TCGA-BC-A10S-01A,TCGA-BC-A10S,TCGA-BC-A10S-01A,Primary Tumor,advanced,1423.0,1.0,0.11445870854340184,low
TCGA-DD-AAE2-01A,TCGA-DD-AAE2,TCGA-DD-AAE2-01A,Primary Tumor,early,638.0,0.0,-0.02485097286238622,low
TCGA-DD-AA3A-01A,TCGA-DD-AA3A,TCGA-DD-AA3A-01A,Primary Tumor,early,410.0,1.0,0.6721289530168663,high
TCGA-BC-4072-01B,TCGA-BC-4072,TCGA-BC-4072-01B,Primary Tumor,advanced,1490.0,1.0,0.43852113236313534,high
TCGA-DD-AADB-01A,TCGA-DD-AADB,TCGA-DD-AADB-01A,Primary Tumor,early,1242.0,0.0,0.20023909818900873,high
TCGA-ZS-A9CE-01A,TCGA-ZS-A9CE,TCGA-ZS-A9CE-01A,Primary Tumor,intermediate,1241.0,0.0,-0.18735096570100354,low
TCGA-DD-A118-01A,TCGA-DD-A118,TCGA-DD-A118-01A,Primary Tumor,intermediate,3437.0,0.0,0.11520904917509134,low
TCGA-G3-A7M5-01A,TCGA-G3-A7M5,TCGA-G3-A7M5-01A,Primary Tumor,early,447.0,0.0,-0.0550351618210943,low
TCGA-ED-A97K-01A,TCGA-ED-A97K,TCGA-ED-A97K-01A,Primary Tumor,advanced,6.0,0.0,0.5921376474696889,high
TCGA-FV-A496-01A,TCGA-FV-A496,TCGA-FV-A496-01A,Primary Tumor,early,10.0,0.0,0.3113727204949445,high
TCGA-ZP-A9CV-01A,TCGA-ZP-A9CV,TCGA-ZP-A9CV-01A,Primary Tumor,early,1088.0,1.0,0.06743762115486417,low
TCGA-DD-A3A1-01A,TCGA-DD-A3A1,TCGA-DD-A3A1-01A,Primary Tumor,advanced,233.0,1.0,0.33714677949493105,high
TCGA-DD-AAE6-01A,TCGA-DD-AAE6,TCGA-DD-AAE6-01A,Primary Tumor,early,141.0,0.0,-0.1641021907219745,low
TCGA-DD-AACN-01A,TCGA-DD-AACN,TCGA-DD-AACN-01A,Primary Tumor,early,1302.0,0.0,0.0072847394295721506,low
TCGA-2Y-A9GZ-01A,TCGA-2Y-A9GZ,TCGA-2Y-A9GZ-01A,Primary Tumor,intermediate,848.0,1.0,-0.08440414778152859,low
TCGA-BD-A2L6-01A,TCGA-BD-A2L6,TCGA-BD-A2L6-01A,Primary Tumor,intermediate,1363.0,0.0,-0.12318897277106985,low
TCGA-5C-A9VG-01A,TCGA-5C-A9VG,TCGA-5C-A9VG-01A,Primary Tumor,intermediate,328.0,0.0,0.12396501543362333,high
TCGA-DD-A1ED-01A,TCGA-DD-A1ED,TCGA-DD-A1ED-01A,Primary Tumor,early,2301.0,0.0,0.052235821362475836,low
TCGA-G3-AAV2-01A,TCGA-G3-AAV2,TCGA-G3-AAV2-01A,Primary Tumor,early,372.0,0.0,-0.03392522894608695,low
TCGA-G3-A7M9-01A,TCGA-G3-A7M9,TCGA-G3-A7M9-01A,Primary Tumor,advanced,56.0,1.0,0.6822496691929327,high
TCGA-XR-A8TF-01A,TCGA-XR-A8TF,TCGA-XR-A8TF-01A,Primary Tumor,early,693.0,1.0,-0.017108469647403056,low
TCGA-DD-A1EF-01A,TCGA-DD-A1EF,TCGA-DD-A1EF-01A,Primary Tumor,early,394.0,1.0,0.024655333863345553,low
TCGA-MI-A75G-01A,TCGA-MI-A75G,TCGA-MI-A75G-01A,Primary Tumor,intermediate,698.0,0.0,-0.015447562114061892,low
TCGA-DD-AADJ-01A,TCGA-DD-AADJ,TCGA-DD-AADJ-01A,Primary Tumor,early,1066.0,0.0,-0.08035972069249277,low
TCGA-DD-A73D-01A,TCGA-DD-A73D,TCGA-DD-A73D-01A,Primary Tumor,intermediate,693.0,0.0,-0.11091663051808238,low
TCGA-CC-A7IE-01A,TCGA-CC-A7IE,TCGA-CC-A7IE-01A,Primary Tumor,advanced,217.0,1.0,0.5486683217179273,high
TCGA-RC-A6M4-01A,TCGA-RC-A6M4,TCGA-RC-A6M4-01A,Primary Tumor,advanced,22.0,0.0,-0.0332890901114093,low
TCGA-G3-A25Z-01A,TCGA-G3-A25Z,TCGA-G3-A25Z-01A,Primary Tumor,early,655.0,0.0,0.036122858920230774,low
TCGA-ED-A66Y-01A,TCGA-ED-A66Y,TCGA-ED-A66Y-01A,Primary Tumor,advanced,296.0,1.0,0.3068029985455391,high
TCGA-FV-A3R2-01A,TCGA-FV-A3R2,TCGA-FV-A3R2-01A,Primary Tumor,early,194.0,1.0,0.09286340254879213,low
TCGA-DD-AAE3-01A,TCGA-DD-AAE3,TCGA-DD-AAE3-01A,Primary Tumor,early,566.0,0.0,-0.07923151124423959,low
TCGA-DD-A1EI-01A,TCGA-DD-A1EI,TCGA-DD-A1EI-01A,Primary Tumor,early,183.0,0.0,0.18777401975384708,high
TCGA-BC-A10X-01A,TCGA-BC-A10X,TCGA-BC-A10X-01A,Primary Tumor,advanced,770.0,1.0,0.03966831076898621,low
TCGA-FV-A3I0-01A,TCGA-FV-A3I0,TCGA-FV-A3I0-01A,Primary Tumor,intermediate,848.0,0.0,0.751876084587881,high
TCGA-BC-A112-01A,TCGA-BC-A112,TCGA-BC-A112-01A,Primary Tumor,advanced,153.0,1.0,0.5783182930411125,high
TCGA-DD-AACD-01A,TCGA-DD-AACD,TCGA-DD-AACD-01A,Primary Tumor,early,381.0,1.0,0.1977927753873614,high
TCGA-ZS-A9CG-01A,TCGA-ZS-A9CG,TCGA-ZS-A9CG-01A,Primary Tumor,intermediate,341.0,0.0,0.12224503995494783,high
TCGA-NI-A8LF-01A,TCGA-NI-A8LF,TCGA-NI-A8LF-01A,Primary Tumor,early,799.0,0.0,0.11101912962115444,low
TCGA-DD-A1EJ-01A,TCGA-DD-A1EJ,TCGA-DD-A1EJ-01A,Primary Tumor,advanced,1005.0,1.0,0.27915683270406544,high
TCGA-DD-A4NR-01A,TCGA-DD-A4NR,TCGA-DD-A4NR-01A,Primary Tumor,early,9.0,1.0,0.41291984944001675,high
TCGA-DD-A11A-01A,TCGA-DD-A11A,TCGA-DD-A11A-01A,Primary Tumor,early,79.0,0.0,0.1256923184646853,high
TCGA-CC-5264-01A,TCGA-CC-5264,TCGA-CC-5264-01A,Primary Tumor,advanced,102.0,1.0,0.33421678784739095,high
TCGA-DD-AACW-01A,TCGA-DD-AACW,TCGA-DD-AACW-01A,Primary Tumor,early,1424.0,0.0,-0.19193199990700024,low
TCGA-2Y-A9GY-01A,TCGA-2Y-A9GY,TCGA-2Y-A9GY-01A,Primary Tumor,intermediate,757.0,1.0,0.648050502716322,high
TCGA-BC-A69H-01A,TCGA-BC-A69H,TCGA-BC-A69H-01A,Primary Tumor,intermediate,444.0,0.0,0.702156306884235,high
TCGA-K7-A6G5-01A,TCGA-K7-A6G5,TCGA-K7-A6G5-01A,Primary Tumor,early,512.0,0.0,0.11450544424221655,low
TCGA-DD-AADR-01A,TCGA-DD-AADR,TCGA-DD-AADR-01A,Primary Tumor,early,2028.0,0.0,-0.08100869459535655,low
TCGA-DD-A73F-01A,TCGA-DD-A73F,TCGA-DD-A73F-01A,Primary Tumor,early,1085.0,0.0,0.0008298522575634696,low
TCGA-DD-AACV-01A,TCGA-DD-AACV,TCGA-DD-AACV-01A,Primary Tumor,early,1531.0,0.0,-0.0819402635077571,low
TCGA-DD-AACU-01A,TCGA-DD-AACU,TCGA-DD-AACU-01A,Primary Tumor,early,1567.0,0.0,0.10966412006145321,low
TCGA-ED-A7PY-01A,TCGA-ED-A7PY,TCGA-ED-A7PY-01A,Primary Tumor,intermediate,390.0,0.0,-0.1846130203499693,low
TCGA-G3-A5SL-01A,TCGA-G3-A5SL,TCGA-G3-A5SL-01A,Primary Tumor,intermediate,621.0,0.0,0.040420323020352256,low
TCGA-DD-AAVS-01A,TCGA-DD-AAVS,TCGA-DD-AAVS-01A,Primary Tumor,early,1823.0,0.0,-0.10997193644847617,low
TCGA-DD-A4NB-01A,TCGA-DD-A4NB,TCGA-DD-A4NB-01A,Primary Tumor,early,989.0,0.0,0.3682510625945667,high
TCGA-5R-AA1C-01A,TCGA-5R-AA1C,TCGA-5R-AA1C-01A,Primary Tumor,intermediate,520.0,0.0,-0.003401730734937958,low
TCGA-ED-A8O5-01A,TCGA-ED-A8O5,TCGA-ED-A8O5-01A,Primary Tumor,advanced,406.0,0.0,-0.09480931818368322,low
TCGA-MR-A520-01A,TCGA-MR-A520,TCGA-MR-A520-01A,Primary Tumor,early,229.0,0.0,-0.028915482919909048,low
TCGA-BC-A10W-01A,TCGA-BC-A10W,TCGA-BC-A10W-01A,Primary Tumor,advanced,91.0,1.0,0.4410349129418107,high
TCGA-DD-AAD6-01A,TCGA-DD-AAD6,TCGA-DD-AAD6-01A,Primary Tumor,advanced,672.0,0.0,-0.028305569703174892,low
TCGA-FV-A3R3-01A,TCGA-FV-A3R3,TCGA-FV-A3R3-01A,Primary Tumor,early,366.0,1.0,0.27291141350525044,high
TCGA-EP-A3JL-01A,TCGA-EP-A3JL,TCGA-EP-A3JL-01A,Primary Tumor,early,303.0,0.0,0.15027595397120228,high
TCGA-ZP-A9D4-01A,TCGA-ZP-A9D4,TCGA-ZP-A9D4-01A,Primary Tumor,early,395.0,0.0,-0.024004083701052736,low
TCGA-EP-A2KA-01A,TCGA-EP-A2KA,TCGA-EP-A2KA-01A,Primary Tumor,advanced,627.0,1.0,0.2941714458139535,high
TCGA-DD-AAE7-01A,TCGA-DD-AAE7,TCGA-DD-AAE7-01A,Primary Tumor,early,644.4869644124,0.0,-0.003216996476853759,low
TCGA-GJ-A9DB-01A,TCGA-GJ-A9DB,TCGA-GJ-A9DB-01A,Primary Tumor,early,67.0,1.0,0.33577259949954363,high
TCGA-DD-A73G-01A,TCGA-DD-A73G,TCGA-DD-A73G-01A,Primary Tumor,early,3478.0,0.0,0.035514835654621754,low
TCGA-WQ-A9G7-01A,TCGA-WQ-A9G7,TCGA-WQ-A9G7-01A,Primary Tumor,advanced,30.0,0.0,0.5051470418852517,high
TCGA-5R-AAAM-01A,TCGA-5R-AAAM,TCGA-5R-AAAM-01A,Primary Tumor,intermediate,46.0,1.0,0.030635029289667964,low
TCGA-DD-AAC8-01A,TCGA-DD-AAC8,TCGA-DD-AAC8-01A,Primary Tumor,early,16.0,1.0,0.39817257827522945,high
TCGA-2Y-A9H5-01A,TCGA-2Y-A9H5,TCGA-2Y-A9H5-01A,Primary Tumor,early,555.0,1.0,0.13238256482782432,high
TCGA-BC-A216-01A,TCGA-BC-A216,TCGA-BC-A216-01A,Primary Tumor,advanced,1351.0,0.0,0.09301367850831667,low
TCGA-DD-AADV-01A,TCGA-DD-AADV,TCGA-DD-AADV-01A,Primary Tumor,early,574.0,0.0,-0.017994045313229165,low
TCGA-XR-A8TD-01A,TCGA-XR-A8TD,TCGA-XR-A8TD-01A,Primary Tumor,advanced,1030.0,0.0,0.3682790358696209,high
TCGA-DD-A119-01A,TCGA-DD-A119,TCGA-DD-A119-01A,Primary Tumor,advanced,223.0,1.0,0.2923016300306512,high
TCGA-DD-A1EG-01A,TCGA-DD-A1EG,TCGA-DD-A1EG-01A,Primary Tumor,early,1372.0,1.0,0.1761083330696769,high
TCGA-ED-A7PZ-01A,TCGA-ED-A7PZ,TCGA-ED-A7PZ-01A,Primary Tumor,intermediate,6.0,0.0,0.30730942698621816,high
TCGA-ED-A627-01A,TCGA-ED-A627,TCGA-ED-A627-01A,Primary Tumor,early,423.0,0.0,0.2680366113452918,high
TCGA-ED-A82E-01A,TCGA-ED-A82E,TCGA-ED-A82E-01A,Primary Tumor,advanced,408.0,0.0,0.48849303459171944,high
TCGA-2Y-A9H3-01A,TCGA-2Y-A9H3,TCGA-2Y-A9H3-01A,Primary Tumor,intermediate,1516.0,0.0,0.1719162824425892,high
TCGA-DD-AAD8-01A,TCGA-DD-AAD8,TCGA-DD-AAD8-01A,Primary Tumor,early,1219.0,0.0,-0.018528688644407924,low
TCGA-G3-A7M6-01A,TCGA-G3-A7M6,TCGA-G3-A7M6-01A,Primary Tumor,early,632.0,0.0,0.4713233584531652,high
TCGA-WX-AA47-01A,TCGA-WX-AA47,TCGA-WX-AA47-01A,Primary Tumor,advanced,556.0,1.0,0.6414235879302835,high
TCGA-DD-AAEE-01A,TCGA-DD-AAEE,TCGA-DD-AAEE-01A,Primary Tumor,early,810.0,0.0,-0.058353461430848054,low
TCGA-G3-A3CK-01A,TCGA-G3-A3CK,TCGA-G3-A3CK-01A,Primary Tumor,early,585.0,0.0,0.10918764732281884,low
TCGA-DD-AAED-01A,TCGA-DD-AAED,TCGA-DD-AAED-01A,Primary Tumor,early,763.0,0.0,-0.0024856968550768773,low
TCGA-5C-A9VH-01A,TCGA-5C-A9VH,TCGA-5C-A9VH-01A,Primary Tumor,early,322.0,0.0,0.10760778565950002,low
TCGA-CC-A9FU-01A,TCGA-CC-A9FU,TCGA-CC-A9FU-01A,Primary Tumor,advanced,0.0,0.0,0.15206120580174684,high
TCGA-CC-A3MA-01A,TCGA-CC-A3MA,TCGA-CC-A3MA-01A,Primary Tumor,advanced,303.0,1.0,0.3140016954751546,high
TCGA-DD-AAE0-01A,TCGA-DD-AAE0,TCGA-DD-AAE0-01A,Primary Tumor,advanced,555.0,0.0,0.5632873498271586,high
TCGA-DD-AADM-01A,TCGA-DD-AADM,TCGA-DD-AADM-01A,Primary Tumor,intermediate,12.0,1.0,0.011683387247564358,low
TCGA-BC-A217-01A,TCGA-BC-A217,TCGA-BC-A217-01A,Primary Tumor,intermediate,1397.0,1.0,0.24704506943693105,high
TCGA-G3-AAV0-01A,TCGA-G3-AAV0,TCGA-G3-AAV0-01A,Primary Tumor,early,476.0,0.0,-0.14465854498836533,low
TCGA-BC-A69I-01A,TCGA-BC-A69I,TCGA-BC-A69I-01A,Primary Tumor,early,387.0,0.0,0.19026489731581592,high
TCGA-5C-AAPD-01A,TCGA-5C-AAPD,TCGA-5C-AAPD-01A,Primary Tumor,intermediate,20.0,0.0,0.45056534989139013,high
TCGA-EP-A2KC-01A,TCGA-EP-A2KC,TCGA-EP-A2KC-01A,Primary Tumor,early,19.0,1.0,0.05021855773015089,low
TCGA-2Y-A9H4-01A,TCGA-2Y-A9H4,TCGA-2Y-A9H4-01A,Primary Tumor,early,1452.0,0.0,-0.013872953761784842,low
TCGA-ES-A2HT-01A,TCGA-ES-A2HT,TCGA-ES-A2HT-01A,Primary Tumor,early,438.0,1.0,0.2166933132207452,high
TCGA-DD-AAVR-01A,TCGA-DD-AAVR,TCGA-DD-AAVR-01A,Primary Tumor,early,2513.0,0.0,0.18837019659860804,high
TCGA-DD-AACS-01A,TCGA-DD-AACS,TCGA-DD-AACS-01A,Primary Tumor,early,1804.0,0.0,-0.053162908706422575,low
TCGA-DD-AAVV-01A,TCGA-DD-AAVV,TCGA-DD-AAVV-01A,Primary Tumor,intermediate,2455.0,0.0,0.2982334133367143,high
TCGA-DD-AAC9-01A,TCGA-DD-AAC9,TCGA-DD-AAC9-01A,Primary Tumor,early,347.0,0.0,0.24318956209300208,high
TCGA-DD-AAEA-01A,TCGA-DD-AAEA,TCGA-DD-AAEA-01A,Primary Tumor,early,575.0,0.0,-0.025160320570392438,low
TCGA-DD-AAD0-01A,TCGA-DD-AAD0,TCGA-DD-AAD0-01A,Primary Tumor,early,137.0,0.0,0.11846924046611021,low
TCGA-DD-AAW2-01A,TCGA-DD-AAW2,TCGA-DD-AAW2-01A,Primary Tumor,early,1855.0,0.0,-0.10006327188890611,low
TCGA-DD-AAD2-01A,TCGA-DD-AAD2,TCGA-DD-AAD2-01A,Primary Tumor,early,658.0,0.0,0.33863209315591564,high
TCGA-DD-AAW0-01A,TCGA-DD-AAW0,TCGA-DD-AAW0-01A,Primary Tumor,early,2015.0,0.0,0.169132163236628,high
TCGA-PD-A5DF-01A,TCGA-PD-A5DF,TCGA-PD-A5DF-01A,Primary Tumor,advanced,639.0,1.0,0.2774535636896227,high
TCGA-DD-A11B-01A,TCGA-DD-A11B,TCGA-DD-A11B-01A,Primary Tumor,early,14.0,1.0,-0.09585908441799888,low
TCGA-GJ-A6C0-01A,TCGA-GJ-A6C0,TCGA-GJ-A6C0-01A,Primary Tumor,intermediate,31.0,1.0,0.3987490146275361,high
TCGA-DD-AAD1-01A,TCGA-DD-AAD1,TCGA-DD-AAD1-01A,Primary Tumor,early,564.0,0.0,0.171331435763984,high
TCGA-XR-A8TG-01A,TCGA-XR-A8TG,TCGA-XR-A8TG-01A,Primary Tumor,early,898.0,0.0,0.1509455439704248,high
TCGA-ZP-A9CZ-01A,TCGA-ZP-A9CZ,TCGA-ZP-A9CZ-01A,Primary Tumor,early,706.0,0.0,0.19294588412244987,high
TCGA-CC-A3MB-01A,TCGA-CC-A3MB,TCGA-CC-A3MB-01A,Primary Tumor,advanced,315.0,1.0,0.11176818274526969,low
TCGA-DD-A3A2-01A,TCGA-DD-A3A2,TCGA-DD-A3A2-01A,Primary Tumor,early,2131.0,1.0,-0.1880848034088907,low
TCGA-ZP-A9D0-01A,TCGA-ZP-A9D0,TCGA-ZP-A9D0-01A,Primary Tumor,early,1091.0,0.0,-0.13247440155094284,low
TCGA-HP-A5MZ-01A,TCGA-HP-A5MZ,TCGA-HP-A5MZ-01A,Primary Tumor,early,91.0,1.0,0.3174564428283896,high
TCGA-2Y-A9H8-01A,TCGA-2Y-A9H8,TCGA-2Y-A9H8-01A,Primary Tumor,early,633.0,1.0,0.220575418996704,high
TCGA-DD-AACL-01A,TCGA-DD-AACL,TCGA-DD-AACL-01A,Primary Tumor,early,107.0,1.0,0.5876930365756615,high
TCGA-CC-A7IG-01A,TCGA-CC-A7IG,TCGA-CC-A7IG-01A,Primary Tumor,intermediate,299.0,1.0,0.7379135159251285,high
TCGA-DD-AAW3-01A,TCGA-DD-AAW3,TCGA-DD-AAW3-01A,Primary Tumor,early,1633.0,0.0,-0.09482266222733537,low
TCGA-DD-AAEK-01A,TCGA-DD-AAEK,TCGA-DD-AAEK-01A,Primary Tumor,intermediate,1067.0,0.0,0.018692386443620337,low
TCGA-ED-A8O6-01A,TCGA-ED-A8O6,TCGA-ED-A8O6-01A,Primary Tumor,advanced,56.0,1.0,0.5519775490426632,high
TCGA-DD-AACJ-01A,TCGA-DD-AACJ,TCGA-DD-AACJ-01A,Primary Tumor,intermediate,2102.0,0.0,0.0006788898134502375,low
TCGA-EP-A12J-01A,TCGA-EP-A12J,TCGA-EP-A12J-01A,Primary Tumor,early,570.0,0.0,-0.046895555222271956,low
TCGA-DD-AADP-01A,TCGA-DD-AADP,TCGA-DD-AADP-01A,Primary Tumor,early,458.0,0.0,0.08142516382704239,low
TCGA-RC-A6M6-01A,TCGA-RC-A6M6,TCGA-RC-A6M6-01A,Primary Tumor,intermediate,9.0,0.0,0.8036342985827498,high
TCGA-DD-A4NS-01A,TCGA-DD-A4NS,TCGA-DD-A4NS-01A,Primary Tumor,early,2456.0,1.0,0.28970242854485606,high
TCGA-RC-A6M5-01A,TCGA-RC-A6M5,TCGA-RC-A6M5-01A,Primary Tumor,advanced,15.0,0.0,0.2562255542314912,high
TCGA-DD-A4NL-01A,TCGA-DD-A4NL,TCGA-DD-A4NL-01A,Primary Tumor,early,1711.0,0.0,0.09923617388768585,low
TCGA-DD-AADY-01A,TCGA-DD-AADY,TCGA-DD-AADY-01A,Primary Tumor,early,555.0,0.0,-0.17118598657005957,low
TCGA-QA-A7B7-01A,TCGA-QA-A7B7,TCGA-QA-A7B7-01A,Primary Tumor,intermediate,94.0,0.0,0.11647141186462064,low
TCGA-2Y-A9HB-01A,TCGA-2Y-A9HB,TCGA-2Y-A9HB-01A,Primary Tumor,early,260.0,0.0,-0.0034336849803432478,low
TCGA-DD-AADD-01A,TCGA-DD-AADD,TCGA-DD-AADD-01A,Primary Tumor,early,1231.0,0.0,-0.013219362910538972,low
TCGA-G3-A3CI-01A,TCGA-G3-A3CI,TCGA-G3-A3CI-01A,Primary Tumor,early,180.0,0.0,0.03311909641410478,low
TCGA-CC-A7IL-01A,TCGA-CC-A7IL,TCGA-CC-A7IL-01A,Primary Tumor,advanced,278.0,1.0,-0.08287274195333823,low
TCGA-DD-A73A-01A,TCGA-DD-A73A,TCGA-DD-A73A-01A,Primary Tumor,early,728.0,0.0,0.03678390287050119,low
TCGA-ED-A66X-01A,TCGA-ED-A66X,TCGA-ED-A66X-01A,Primary Tumor,advanced,406.0,0.0,0.3518958064223236,high
TCGA-EP-A26S-01A,TCGA-EP-A26S,TCGA-EP-A26S-01A,Primary Tumor,early,608.0,0.0,0.012660557900311021,low
TCGA-G3-A25U-01A,TCGA-G3-A25U,TCGA-G3-A25U-01A,Primary Tumor,early,1636.0,0.0,-0.05341126711996512,low
TCGA-YA-A8S7-01A,TCGA-YA-A8S7,TCGA-YA-A8S7-01A,Primary Tumor,advanced,412.0,1.0,0.6015423363301147,high
TCGA-FV-A495-01A,TCGA-FV-A495,TCGA-FV-A495-01A,Primary Tumor,intermediate,1.0,0.0,0.10991089639102312,low
TCGA-DD-AAEG-01A,TCGA-DD-AAEG,TCGA-DD-AAEG-01A,Primary Tumor,early,719.0,0.0,0.03855906908926035,low
TCGA-UB-A7ME-01A,TCGA-UB-A7ME,TCGA-UB-A7ME-01A,Primary Tumor,early,486.0,0.0,0.2798524357659405,high
TCGA-DD-A39Y-01A,TCGA-DD-A39Y,TCGA-DD-A39Y-01A,Primary Tumor,early,171.0,1.0,0.4002234686942387,high
TCGA-DD-A4NA-01A,TCGA-DD-A4NA,TCGA-DD-A4NA-01A,Primary Tumor,advanced,1008.0,0.0,0.6509575488736891,high
TCGA-DD-AAVY-01A,TCGA-DD-AAVY,TCGA-DD-AAVY-01A,Primary Tumor,advanced,1970.0,0.0,-0.06024353180646571,low
TCGA-ED-A4XI-01A,TCGA-ED-A4XI,TCGA-ED-A4XI-01A,Primary Tumor,intermediate,819.0,0.0,0.08862086351093512,low
TCGA-LG-A6GG-01A,TCGA-LG-A6GG,TCGA-LG-A6GG-01A,Primary Tumor,advanced,387.2926324256,0.0,-0.07179426839536193,low
TCGA-CC-5260-01A,TCGA-CC-5260,TCGA-CC-5260-01A,Primary Tumor,advanced,87.0,1.0,0.559501043621299,high
TCGA-DD-AACZ-01A,TCGA-DD-AACZ,TCGA-DD-AACZ-01A,Primary Tumor,early,171.0,1.0,0.42328094464680127,high
TCGA-DD-A39V-01A,TCGA-DD-A39V,TCGA-DD-A39V-01A,Primary Tumor,intermediate,643.0,1.0,0.22303812676655158,high
TCGA-BD-A3EP-01A,TCGA-BD-A3EP,TCGA-BD-A3EP-01A,Primary Tumor,early,409.0,0.0,0.23693003728945683,high
TCGA-BW-A5NO-01A,TCGA-BW-A5NO,TCGA-BW-A5NO-01A,Primary Tumor,advanced,20.0,0.0,0.20747134977816453,high
