cancer,n,HR,Cox_p,logrank_p,med_high,med_low,sig,direction
BLCA,406,0.9546003631897408,0.08924957846095062,0.07019424438510741,46.78304895,28.2407864,ns,好
BRCA,1082,1.0066667033613321,0.9035239397944873,0.2655664536920962,129.6972088,127.3301115,ns,—
CESC,294,0.99042198748855,0.8317226867787544,0.29105741334312746,100.1413683,134.3327744,ns,好
CHOL,36,1.0009263476296455,0.9922004152876468,0.701383879300308,30.37774929,40.10914949,ns,差
COADREAD,588,0.9801802868728355,0.5128362444129348,0.7255427472328859,92.74418911,67.29789263,ns,好
ESCA,181,1.0112255596018689,0.8023137514910837,0.9186742984210782,25.08465661,31.56129796,ns,差
GBM,159,0.8904296930415019,0.1811310627807071,0.2892583432675677,13.11766446,14.03820232,ns,好
HNSC,514,0.937021318553657,0.08157316878167355,0.0764230288603724,57.92813229,47.01318342,ns,好
KICH,65,0.915877163015633,0.5545650168338647,0.06408502462104176,inf,inf,ns,好
KIRC,510,1.0967177761639502,0.04238053876583271,0.01106740147818926,71.99921097,116.8425552,*,差
KIRP,282,1.0920579937714545,0.3402924595947257,0.13596590425213292,96.68935135,inf,ns,差
LIHC,365,1.0111988647770878,0.6574388743055256,0.9319893994946797,58.8815465,53.39119571,ns,—
LUAD,501,0.9938415160749834,0.8570783674315016,0.8397556954992904,53.32544301,49.05151724,ns,好
LUSC,478,0.9595832361111876,0.2387997812268082,0.26950820845449996,61.61028372,46.78304895,ns,好
OV,299,1.0508763103082153,0.285057723900782,0.6136331162219433,44.08718809,43.69267186,ns,—
PAAD,177,1.093800761154275,0.022835171609383653,0.039810330526877415,18.67376796,22.4874248,*,差
PRAD,493,0.8785605825436027,0.4743965408758404,0.6947422393576084,inf,inf,ns,好
STAD,407,1.012261785840962,0.5801294976469493,0.7682089851361311,35.99960548,30.90377092,ns,—
THCA,498,0.8825434771272714,0.3863501916268819,0.2068776732490163,inf,inf,ns,好
UCEC,526,0.971175977242105,0.5474766277949278,0.09424134405034705,110.102903,inf,ns,好
