sample_id	case_id	barcode	sample_type
TCGA-DD-AACI-01A	TCGA-DD-AACI	TCGA-DD-AACI-01A	Primary Tumor
TCGA-UB-AA0V-01A	TCGA-UB-AA0V	TCGA-UB-AA0V-01A	Primary Tumor
TCGA-G3-AAV3-01A	TCGA-G3-AAV3	TCGA-G3-AAV3-01A	Primary Tumor
TCGA-EP-A3RK-01A	TCGA-EP-A3RK	TCGA-EP-A3RK-01A	Primary Tumor
TCGA-2Y-A9H9-01A	TCGA-2Y-A9H9	TCGA-2Y-A9H9-01A	Primary Tumor
TCGA-MI-A75H-01A	TCGA-MI-A75H	TCGA-MI-A75H-01A	Primary Tumor
TCGA-BC-A8YO-01A	TCGA-BC-A8YO	TCGA-BC-A8YO-01A	Primary Tumor
TCGA-GJ-A3OU-01A	TCGA-GJ-A3OU	TCGA-GJ-A3OU-01A	Primary Tumor
TCGA-G3-AAV1-01A	TCGA-G3-AAV1	TCGA-G3-AAV1-01A	Primary Tumor
TCGA-DD-AAEB-01A	TCGA-DD-AAEB	TCGA-DD-AAEB-01A	Primary Tumor
TCGA-EP-A3RK-11A	TCGA-EP-A3RK	TCGA-EP-A3RK-11A	Solid Tissue Normal
TCGA-RC-A7S9-01A	TCGA-RC-A7S9	TCGA-RC-A7S9-01A	Primary Tumor
TCGA-G3-A25V-01A	TCGA-G3-A25V	TCGA-G3-A25V-01A	Primary Tumor
TCGA-CC-A9FS-01A	TCGA-CC-A9FS	TCGA-CC-A9FS-01A	Primary Tumor
TCGA-UB-A7MC-01A	TCGA-UB-A7MC	TCGA-UB-A7MC-01A	Primary Tumor
TCGA-G3-AAV7-01A	TCGA-G3-AAV7	TCGA-G3-AAV7-01A	Primary Tumor
TCGA-BC-A10Y-01A	TCGA-BC-A10Y	TCGA-BC-A10Y-01A	Primary Tumor
TCGA-DD-AACB-01A	TCGA-DD-AACB	TCGA-DD-AACB-01A	Primary Tumor
TCGA-CC-5259-01A	TCGA-CC-5259	TCGA-CC-5259-01A	Primary Tumor
TCGA-CC-5258-01A	TCGA-CC-5258	TCGA-CC-5258-01A	Primary Tumor
TCGA-BC-A5W4-01A	TCGA-BC-A5W4	TCGA-BC-A5W4-01A	Primary Tumor
TCGA-BC-A10Z-01A	TCGA-BC-A10Z	TCGA-BC-A10Z-01A	Primary Tumor
TCGA-DD-A4NO-01A	TCGA-DD-A4NO	TCGA-DD-A4NO-01A	Primary Tumor
TCGA-KR-A7K7-01A	TCGA-KR-A7K7	TCGA-KR-A7K7-01A	Primary Tumor
TCGA-O8-A75V-01A	TCGA-O8-A75V	TCGA-O8-A75V-01A	Primary Tumor
TCGA-DD-A4NG-01A	TCGA-DD-A4NG	TCGA-DD-A4NG-01A	Primary Tumor
TCGA-DD-A3A1-11A	TCGA-DD-A3A1	TCGA-DD-A3A1-11A	Solid Tissue Normal
TCGA-G3-A6UC-01A	TCGA-G3-A6UC	TCGA-G3-A6UC-01A	Primary Tumor
TCGA-CC-A3M9-01A	TCGA-CC-A3M9	TCGA-CC-A3M9-01A	Primary Tumor
TCGA-DD-AADI-01A	TCGA-DD-AADI	TCGA-DD-AADI-01A	Primary Tumor
TCGA-DD-AADO-01A	TCGA-DD-AADO	TCGA-DD-AADO-01A	Primary Tumor
TCGA-CC-5263-01A	TCGA-CC-5263	TCGA-CC-5263-01A	Primary Tumor
TCGA-MI-A75C-01A	TCGA-MI-A75C	TCGA-MI-A75C-01A	Primary Tumor
TCGA-DD-A4ND-01A	TCGA-DD-A4ND	TCGA-DD-A4ND-01A	Primary Tumor
TCGA-CC-A9FV-01A	TCGA-CC-A9FV	TCGA-CC-A9FV-01A	Primary Tumor
TCGA-BW-A5NQ-01A	TCGA-BW-A5NQ	TCGA-BW-A5NQ-01A	Primary Tumor
TCGA-DD-A1EH-01A	TCGA-DD-A1EH	TCGA-DD-A1EH-01A	Primary Tumor
TCGA-ED-A7XP-01A	TCGA-ED-A7XP	TCGA-ED-A7XP-01A	Primary Tumor
TCGA-2Y-A9H2-01A	TCGA-2Y-A9H2	TCGA-2Y-A9H2-01A	Primary Tumor
TCGA-CC-A8HS-01A	TCGA-CC-A8HS	TCGA-CC-A8HS-01A	Primary Tumor
TCGA-CC-A7IK-01A	TCGA-CC-A7IK	TCGA-CC-A7IK-01A	Primary Tumor
TCGA-CC-A7IH-01A	TCGA-CC-A7IH	TCGA-CC-A7IH-01A	Primary Tumor
TCGA-DD-AADU-01A	TCGA-DD-AADU	TCGA-DD-AADU-01A	Primary Tumor
TCGA-2Y-A9GV-01A	TCGA-2Y-A9GV	TCGA-2Y-A9GV-01A	Primary Tumor
TCGA-FV-A2QR-11A	TCGA-FV-A2QR	TCGA-FV-A2QR-11A	Solid Tissue Normal
TCGA-5R-AA1D-01A	TCGA-5R-AA1D	TCGA-5R-AA1D-01A	Primary Tumor
TCGA-FV-A2QQ-01A	TCGA-FV-A2QQ	TCGA-FV-A2QQ-01A	Primary Tumor
TCGA-CC-A7IF-01A	TCGA-CC-A7IF	TCGA-CC-A7IF-01A	Primary Tumor
TCGA-DD-A39V-11A	TCGA-DD-A39V	TCGA-DD-A39V-11A	Solid Tissue Normal
TCGA-DD-A73E-01A	TCGA-DD-A73E	TCGA-DD-A73E-01A	Primary Tumor
TCGA-DD-AAE9-01A	TCGA-DD-AAE9	TCGA-DD-AAE9-01A	Primary Tumor
TCGA-XR-A8TC-01A	TCGA-XR-A8TC	TCGA-XR-A8TC-01A	Primary Tumor
TCGA-ED-A7PX-01A	TCGA-ED-A7PX	TCGA-ED-A7PX-01A	Primary Tumor
TCGA-G3-A7M8-01A	TCGA-G3-A7M8	TCGA-G3-A7M8-01A	Primary Tumor
TCGA-DD-A4NP-01A	TCGA-DD-A4NP	TCGA-DD-A4NP-01A	Primary Tumor
TCGA-G3-A25X-01A	TCGA-G3-A25X	TCGA-G3-A25X-01A	Primary Tumor
TCGA-DD-A11C-11A	TCGA-DD-A11C	TCGA-DD-A11C-11A	Solid Tissue Normal
TCGA-ED-A5KG-01A	TCGA-ED-A5KG	TCGA-ED-A5KG-01A	Primary Tumor
TCGA-FV-A2QR-01A	TCGA-FV-A2QR	TCGA-FV-A2QR-01A	Primary Tumor
TCGA-DD-AACY-01A	TCGA-DD-AACY	TCGA-DD-AACY-01A	Primary Tumor
TCGA-CC-A7IJ-01A	TCGA-CC-A7IJ	TCGA-CC-A7IJ-01A	Primary Tumor
TCGA-2Y-A9GX-01A	TCGA-2Y-A9GX	TCGA-2Y-A9GX-01A	Primary Tumor
TCGA-G3-AAUZ-01A	TCGA-G3-AAUZ	TCGA-G3-AAUZ-01A	Primary Tumor
TCGA-DD-AACK-01A	TCGA-DD-AACK	TCGA-DD-AACK-01A	Primary Tumor
TCGA-DD-A3A5-11A	TCGA-DD-A3A5	TCGA-DD-A3A5-11A	Solid Tissue Normal
TCGA-DD-A3A5-01A	TCGA-DD-A3A5	TCGA-DD-A3A5-01A	Primary Tumor
TCGA-CC-A123-01A	TCGA-CC-A123	TCGA-CC-A123-01A	Primary Tumor
TCGA-DD-AACC-01A	TCGA-DD-AACC	TCGA-DD-AACC-01A	Primary Tumor
TCGA-FV-A23B-11A	TCGA-FV-A23B	TCGA-FV-A23B-11A	Solid Tissue Normal
TCGA-RG-A7D4-01A	TCGA-RG-A7D4	TCGA-RG-A7D4-01A	Primary Tumor
TCGA-CC-5262-01A	TCGA-CC-5262	TCGA-CC-5262-01A	Primary Tumor
TCGA-DD-AADK-01A	TCGA-DD-AADK	TCGA-DD-AADK-01A	Primary Tumor
TCGA-MI-A75E-01A	TCGA-MI-A75E	TCGA-MI-A75E-01A	Primary Tumor
TCGA-DD-AADA-01A	TCGA-DD-AADA	TCGA-DD-AADA-01A	Primary Tumor
TCGA-BC-A10U-11A	TCGA-BC-A10U	TCGA-BC-A10U-11A	Solid Tissue Normal
TCGA-MI-A75I-01A	TCGA-MI-A75I	TCGA-MI-A75I-01A	Primary Tumor
TCGA-G3-A7M7-01A	TCGA-G3-A7M7	TCGA-G3-A7M7-01A	Primary Tumor
TCGA-2Y-A9GU-01A	TCGA-2Y-A9GU	TCGA-2Y-A9GU-01A	Primary Tumor
TCGA-DD-AAD3-01A	TCGA-DD-AAD3	TCGA-DD-AAD3-01A	Primary Tumor
TCGA-DD-A3A6-11A	TCGA-DD-A3A6	TCGA-DD-A3A6-11A	Solid Tissue Normal
TCGA-FV-A3I1-01A	TCGA-FV-A3I1	TCGA-FV-A3I1-01A	Primary Tumor
TCGA-2Y-A9HA-01A	TCGA-2Y-A9HA	TCGA-2Y-A9HA-01A	Primary Tumor
TCGA-ZS-A9CD-01A	TCGA-ZS-A9CD	TCGA-ZS-A9CD-01A	Primary Tumor
TCGA-DD-A1EB-01A	TCGA-DD-A1EB	TCGA-DD-A1EB-01A	Primary Tumor
TCGA-DD-A1EB-11A	TCGA-DD-A1EB	TCGA-DD-A1EB-11A	Solid Tissue Normal
TCGA-DD-AAD5-01A	TCGA-DD-AAD5	TCGA-DD-AAD5-01A	Primary Tumor
TCGA-WQ-AB4B-01A	TCGA-WQ-AB4B	TCGA-WQ-AB4B-01A	Primary Tumor
TCGA-DD-A3A6-01A	TCGA-DD-A3A6	TCGA-DD-A3A6-01A	Primary Tumor
TCGA-T1-A6J8-01A	TCGA-T1-A6J8	TCGA-T1-A6J8-01A	Primary Tumor
TCGA-FV-A3I1-11A	TCGA-FV-A3I1	TCGA-FV-A3I1-11A	Solid Tissue Normal
TCGA-DD-A4NV-01A	TCGA-DD-A4NV	TCGA-DD-A4NV-01A	Primary Tumor
TCGA-DD-AADF-01A	TCGA-DD-AADF	TCGA-DD-AADF-01A	Primary Tumor
TCGA-UB-A7MA-01A	TCGA-UB-A7MA	TCGA-UB-A7MA-01A	Primary Tumor
TCGA-DD-AACP-01A	TCGA-DD-AACP	TCGA-DD-AACP-01A	Primary Tumor
TCGA-ZP-A9CY-01A	TCGA-ZP-A9CY	TCGA-ZP-A9CY-01A	Primary Tumor
TCGA-FV-A4ZQ-01A	TCGA-FV-A4ZQ	TCGA-FV-A4ZQ-01A	Primary Tumor
TCGA-DD-A39X-11A	TCGA-DD-A39X	TCGA-DD-A39X-11A	Solid Tissue Normal
TCGA-FV-A23B-01A	TCGA-FV-A23B	TCGA-FV-A23B-01A	Primary Tumor
TCGA-2Y-A9H1-01A	TCGA-2Y-A9H1	TCGA-2Y-A9H1-01A	Primary Tumor
TCGA-DD-A114-01A	TCGA-DD-A114	TCGA-DD-A114-01A	Primary Tumor
TCGA-DD-AAEH-01A	TCGA-DD-AAEH	TCGA-DD-AAEH-01A	Primary Tumor
TCGA-WX-AA46-01A	TCGA-WX-AA46	TCGA-WX-AA46-01A	Primary Tumor
TCGA-LG-A9QC-01A	TCGA-LG-A9QC	TCGA-LG-A9QC-01A	Primary Tumor
TCGA-DD-A4NF-01A	TCGA-DD-A4NF	TCGA-DD-A4NF-01A	Primary Tumor
TCGA-BC-A10U-01A	TCGA-BC-A10U	TCGA-BC-A10U-01A	Primary Tumor
TCGA-FV-A4ZP-01A	TCGA-FV-A4ZP	TCGA-FV-A4ZP-01A	Primary Tumor
TCGA-MR-A8JO-01A	TCGA-MR-A8JO	TCGA-MR-A8JO-01A	Primary Tumor
TCGA-BC-A3KF-01A	TCGA-BC-A3KF	TCGA-BC-A3KF-01A	Primary Tumor
TCGA-BC-4073-01B	TCGA-BC-4073	TCGA-BC-4073-01B	Primary Tumor
TCGA-CC-A9FW-01A	TCGA-CC-A9FW	TCGA-CC-A9FW-01A	Primary Tumor
TCGA-G3-AAV4-01A	TCGA-G3-AAV4	TCGA-G3-AAV4-01A	Primary Tumor
TCGA-DD-A114-11A	TCGA-DD-A114	TCGA-DD-A114-11A	Solid Tissue Normal
TCGA-DD-A1EC-11A	TCGA-DD-A1EC	TCGA-DD-A1EC-11A	Solid Tissue Normal
TCGA-XR-A8TE-01A	TCGA-XR-A8TE	TCGA-XR-A8TE-01A	Primary Tumor
TCGA-DD-AADS-01A	TCGA-DD-AADS	TCGA-DD-AADS-01A	Primary Tumor
TCGA-DD-AACT-01A	TCGA-DD-AACT	TCGA-DD-AACT-01A	Primary Tumor
TCGA-ES-A2HS-01A	TCGA-ES-A2HS	TCGA-ES-A2HS-01A	Primary Tumor
TCGA-BC-A110-11A	TCGA-BC-A110	TCGA-BC-A110-11A	Solid Tissue Normal
TCGA-BC-A110-01A	TCGA-BC-A110	TCGA-BC-A110-01A	Primary Tumor
TCGA-BD-A3ER-01A	TCGA-BD-A3ER	TCGA-BD-A3ER-01A	Primary Tumor
TCGA-ZP-A9D2-01A	TCGA-ZP-A9D2	TCGA-ZP-A9D2-01A	Primary Tumor
TCGA-RC-A6M3-01A	TCGA-RC-A6M3	TCGA-RC-A6M3-01A	Primary Tumor
TCGA-CC-5261-01A	TCGA-CC-5261	TCGA-CC-5261-01A	Primary Tumor
TCGA-DD-AAVZ-01A	TCGA-DD-AAVZ	TCGA-DD-AAVZ-01A	Primary Tumor
TCGA-CC-A8HT-01A	TCGA-CC-A8HT	TCGA-CC-A8HT-01A	Primary Tumor
TCGA-DD-A39X-01A	TCGA-DD-A39X	TCGA-DD-A39X-01A	Primary Tumor
TCGA-K7-A5RG-01A	TCGA-K7-A5RG	TCGA-K7-A5RG-01A	Primary Tumor
TCGA-CC-A3MC-01A	TCGA-CC-A3MC	TCGA-CC-A3MC-01A	Primary Tumor
TCGA-DD-AADL-01A	TCGA-DD-AADL	TCGA-DD-AADL-01A	Primary Tumor
TCGA-LG-A9QD-01A	TCGA-LG-A9QD	TCGA-LG-A9QD-01A	Primary Tumor
TCGA-KR-A7K2-01A	TCGA-KR-A7K2	TCGA-KR-A7K2-01A	Primary Tumor
TCGA-UB-A7MD-01A	TCGA-UB-A7MD	TCGA-UB-A7MD-01A	Primary Tumor
TCGA-DD-A1EC-01A	TCGA-DD-A1EC	TCGA-DD-A1EC-01A	Primary Tumor
TCGA-DD-AACA-01A	TCGA-DD-AACA	TCGA-DD-AACA-01A	Primary Tumor
TCGA-DD-AADN-01A	TCGA-DD-AADN	TCGA-DD-AADN-01A	Primary Tumor
TCGA-DD-AACA-02B	TCGA-DD-AACA	TCGA-DD-AACA-02B	Recurrent Tumor
TCGA-DD-AACA-02A	TCGA-DD-AACA	TCGA-DD-AACA-02A	Recurrent Tumor
TCGA-G3-A25T-01A	TCGA-G3-A25T	TCGA-G3-A25T-01A	Primary Tumor
TCGA-WJ-A86L-01A	TCGA-WJ-A86L	TCGA-WJ-A86L-01A	Primary Tumor
TCGA-K7-A5RF-01A	TCGA-K7-A5RF	TCGA-K7-A5RF-01A	Primary Tumor
TCGA-CC-A1HT-01A	TCGA-CC-A1HT	TCGA-CC-A1HT-01A	Primary Tumor
TCGA-DD-AACO-01A	TCGA-DD-AACO	TCGA-DD-AACO-01A	Primary Tumor
TCGA-DD-AAVP-01A	TCGA-DD-AAVP	TCGA-DD-AAVP-01A	Primary Tumor
TCGA-DD-A11C-01A	TCGA-DD-A11C	TCGA-DD-A11C-01A	Primary Tumor
TCGA-DD-AAE1-01A	TCGA-DD-AAE1	TCGA-DD-AAE1-01A	Primary Tumor
TCGA-BD-A2L6-11A	TCGA-BD-A2L6	TCGA-BD-A2L6-11A	Solid Tissue Normal
TCGA-DD-AACQ-01A	TCGA-DD-AACQ	TCGA-DD-AACQ-01A	Primary Tumor
TCGA-DD-AAVW-01A	TCGA-DD-AAVW	TCGA-DD-AAVW-01A	Primary Tumor
TCGA-DD-A11B-11A	TCGA-DD-A11B	TCGA-DD-A11B-11A	Solid Tissue Normal
TCGA-CC-A8HU-01A	TCGA-CC-A8HU	TCGA-CC-A8HU-01A	Primary Tumor
TCGA-G3-A25Y-01A	TCGA-G3-A25Y	TCGA-G3-A25Y-01A	Primary Tumor
TCGA-ED-A7XO-01A	TCGA-ED-A7XO	TCGA-ED-A7XO-01A	Primary Tumor
TCGA-CC-A5UE-01A	TCGA-CC-A5UE	TCGA-CC-A5UE-01A	Primary Tumor
TCGA-RC-A7SB-01A	TCGA-RC-A7SB	TCGA-RC-A7SB-01A	Primary Tumor
TCGA-2V-A95S-01A	TCGA-2V-A95S	TCGA-2V-A95S-01A	Primary Tumor
TCGA-2Y-A9GT-01A	TCGA-2Y-A9GT	TCGA-2Y-A9GT-01A	Primary Tumor
TCGA-DD-AAW1-01A	TCGA-DD-AAW1	TCGA-DD-AAW1-01A	Primary Tumor
TCGA-CC-A5UD-01A	TCGA-CC-A5UD	TCGA-CC-A5UD-01A	Primary Tumor
TCGA-G3-A3CH-01A	TCGA-G3-A3CH	TCGA-G3-A3CH-01A	Primary Tumor
TCGA-DD-A1EI-11A	TCGA-DD-A1EI	TCGA-DD-A1EI-11A	Solid Tissue Normal
TCGA-ZP-A9D1-01A	TCGA-ZP-A9D1	TCGA-ZP-A9D1-01A	Primary Tumor
TCGA-DD-A39Z-01A	TCGA-DD-A39Z	TCGA-DD-A39Z-01A	Primary Tumor
TCGA-DD-A3A9-01A	TCGA-DD-A3A9	TCGA-DD-A3A9-01A	Primary Tumor
TCGA-DD-AACX-01A	TCGA-DD-AACX	TCGA-DD-AACX-01A	Primary Tumor
TCGA-DD-A115-01A	TCGA-DD-A115	TCGA-DD-A115-01A	Primary Tumor
TCGA-DD-A39W-11A	TCGA-DD-A39W	TCGA-DD-A39W-11A	Solid Tissue Normal
TCGA-DD-A39W-01A	TCGA-DD-A39W	TCGA-DD-A39W-01A	Primary Tumor
TCGA-DD-AADQ-01A	TCGA-DD-AADQ	TCGA-DD-AADQ-01A	Primary Tumor
TCGA-2Y-A9H0-01A	TCGA-2Y-A9H0	TCGA-2Y-A9H0-01A	Primary Tumor
TCGA-KR-A7K8-01A	TCGA-KR-A7K8	TCGA-KR-A7K8-01A	Primary Tumor
TCGA-BC-A216-11A	TCGA-BC-A216	TCGA-BC-A216-11A	Solid Tissue Normal
TCGA-DD-A3A3-01A	TCGA-DD-A3A3	TCGA-DD-A3A3-01A	Primary Tumor
TCGA-DD-A3A3-11A	TCGA-DD-A3A3	TCGA-DD-A3A3-11A	Solid Tissue Normal
TCGA-ED-A459-01A	TCGA-ED-A459	TCGA-ED-A459-01A	Primary Tumor
TCGA-BC-A10S-01A	TCGA-BC-A10S	TCGA-BC-A10S-01A	Primary Tumor
TCGA-DD-AAE2-01A	TCGA-DD-AAE2	TCGA-DD-AAE2-01A	Primary Tumor
TCGA-DD-A4NK-01A	TCGA-DD-A4NK	TCGA-DD-A4NK-01A	Primary Tumor
TCGA-DD-AA3A-01A	TCGA-DD-AA3A	TCGA-DD-AA3A-01A	Primary Tumor
TCGA-BC-4072-01B	TCGA-BC-4072	TCGA-BC-4072-01B	Primary Tumor
TCGA-DD-AADB-01A	TCGA-DD-AADB	TCGA-DD-AADB-01A	Primary Tumor
TCGA-DD-A119-11A	TCGA-DD-A119	TCGA-DD-A119-11A	Solid Tissue Normal
TCGA-DD-A1EG-11A	TCGA-DD-A1EG	TCGA-DD-A1EG-11A	Solid Tissue Normal
TCGA-ZS-A9CE-01A	TCGA-ZS-A9CE	TCGA-ZS-A9CE-01A	Primary Tumor
TCGA-DD-A118-01A	TCGA-DD-A118	TCGA-DD-A118-01A	Primary Tumor
TCGA-CC-A5UC-01A	TCGA-CC-A5UC	TCGA-CC-A5UC-01A	Primary Tumor
TCGA-ZS-A9CF-01A	TCGA-ZS-A9CF	TCGA-ZS-A9CF-01A	Primary Tumor
TCGA-G3-A7M5-01A	TCGA-G3-A7M5	TCGA-G3-A7M5-01A	Primary Tumor
TCGA-BC-A10T-01A	TCGA-BC-A10T	TCGA-BC-A10T-01A	Primary Tumor
TCGA-ED-A97K-01A	TCGA-ED-A97K	TCGA-ED-A97K-01A	Primary Tumor
TCGA-FV-A496-01A	TCGA-FV-A496	TCGA-FV-A496-01A	Primary Tumor
TCGA-ZP-A9CV-01A	TCGA-ZP-A9CV	TCGA-ZP-A9CV-01A	Primary Tumor
TCGA-DD-A3A1-01A	TCGA-DD-A3A1	TCGA-DD-A3A1-01A	Primary Tumor
TCGA-DD-A116-01A	TCGA-DD-A116	TCGA-DD-A116-01A	Primary Tumor
TCGA-DD-AAE6-01A	TCGA-DD-AAE6	TCGA-DD-AAE6-01A	Primary Tumor
TCGA-DD-A113-11A	TCGA-DD-A113	TCGA-DD-A113-11A	Solid Tissue Normal
TCGA-DD-AACN-01A	TCGA-DD-AACN	TCGA-DD-AACN-01A	Primary Tumor
TCGA-2Y-A9GZ-01A	TCGA-2Y-A9GZ	TCGA-2Y-A9GZ-01A	Primary Tumor
TCGA-BD-A2L6-01A	TCGA-BD-A2L6	TCGA-BD-A2L6-01A	Primary Tumor
TCGA-G3-A5SI-01A	TCGA-G3-A5SI	TCGA-G3-A5SI-01A	Primary Tumor
TCGA-5C-A9VG-01A	TCGA-5C-A9VG	TCGA-5C-A9VG-01A	Primary Tumor
TCGA-DD-A1ED-01A	TCGA-DD-A1ED	TCGA-DD-A1ED-01A	Primary Tumor
TCGA-G3-AAV2-01A	TCGA-G3-AAV2	TCGA-G3-AAV2-01A	Primary Tumor
TCGA-G3-A7M9-01A	TCGA-G3-A7M9	TCGA-G3-A7M9-01A	Primary Tumor
TCGA-XR-A8TF-01A	TCGA-XR-A8TF	TCGA-XR-A8TF-01A	Primary Tumor
TCGA-DD-A1EF-01A	TCGA-DD-A1EF	TCGA-DD-A1EF-01A	Primary Tumor
TCGA-MI-A75G-01A	TCGA-MI-A75G	TCGA-MI-A75G-01A	Primary Tumor
TCGA-DD-AADJ-01A	TCGA-DD-AADJ	TCGA-DD-AADJ-01A	Primary Tumor
TCGA-DD-AACH-01A	TCGA-DD-AACH	TCGA-DD-AACH-01A	Primary Tumor
TCGA-DD-A73D-01A	TCGA-DD-A73D	TCGA-DD-A73D-01A	Primary Tumor
TCGA-CC-A7IE-01A	TCGA-CC-A7IE	TCGA-CC-A7IE-01A	Primary Tumor
TCGA-RC-A6M4-01A	TCGA-RC-A6M4	TCGA-RC-A6M4-01A	Primary Tumor
TCGA-G3-A25Z-01A	TCGA-G3-A25Z	TCGA-G3-A25Z-01A	Primary Tumor
TCGA-BC-A10W-11A	TCGA-BC-A10W	TCGA-BC-A10W-11A	Solid Tissue Normal
TCGA-ED-A66Y-01A	TCGA-ED-A66Y	TCGA-ED-A66Y-01A	Primary Tumor
TCGA-FV-A3R2-01A	TCGA-FV-A3R2	TCGA-FV-A3R2-01A	Primary Tumor
TCGA-FV-A3R2-11A	TCGA-FV-A3R2	TCGA-FV-A3R2-11A	Solid Tissue Normal
TCGA-DD-AAE3-01A	TCGA-DD-AAE3	TCGA-DD-AAE3-01A	Primary Tumor
TCGA-DD-A1EI-01A	TCGA-DD-A1EI	TCGA-DD-A1EI-01A	Primary Tumor
TCGA-DD-AADC-01A	TCGA-DD-AADC	TCGA-DD-AADC-01A	Primary Tumor
TCGA-BC-A10X-01A	TCGA-BC-A10X	TCGA-BC-A10X-01A	Primary Tumor
TCGA-FV-A3I0-01A	TCGA-FV-A3I0	TCGA-FV-A3I0-01A	Primary Tumor
TCGA-BC-A112-01A	TCGA-BC-A112	TCGA-BC-A112-01A	Primary Tumor
TCGA-DD-AACD-01A	TCGA-DD-AACD	TCGA-DD-AACD-01A	Primary Tumor
TCGA-ZS-A9CG-01A	TCGA-ZS-A9CG	TCGA-ZS-A9CG-01A	Primary Tumor
TCGA-NI-A8LF-01A	TCGA-NI-A8LF	TCGA-NI-A8LF-01A	Primary Tumor
TCGA-DD-A4NI-01A	TCGA-DD-A4NI	TCGA-DD-A4NI-01A	Primary Tumor
TCGA-DD-A1EJ-01A	TCGA-DD-A1EJ	TCGA-DD-A1EJ-01A	Primary Tumor
TCGA-DD-A73B-01A	TCGA-DD-A73B	TCGA-DD-A73B-01A	Primary Tumor
TCGA-DD-A4NR-01A	TCGA-DD-A4NR	TCGA-DD-A4NR-01A	Primary Tumor
TCGA-KR-A7K0-01A	TCGA-KR-A7K0	TCGA-KR-A7K0-01A	Primary Tumor
TCGA-CC-A8HV-01A	TCGA-CC-A8HV	TCGA-CC-A8HV-01A	Primary Tumor
TCGA-DD-A11A-01A	TCGA-DD-A11A	TCGA-DD-A11A-01A	Primary Tumor
TCGA-DD-A11A-11A	TCGA-DD-A11A	TCGA-DD-A11A-11A	Solid Tissue Normal
TCGA-CC-5264-01A	TCGA-CC-5264	TCGA-CC-5264-01A	Primary Tumor
TCGA-DD-AACF-01A	TCGA-DD-AACF	TCGA-DD-AACF-01A	Primary Tumor
TCGA-DD-AACW-01A	TCGA-DD-AACW	TCGA-DD-AACW-01A	Primary Tumor
TCGA-2Y-A9GY-01A	TCGA-2Y-A9GY	TCGA-2Y-A9GY-01A	Primary Tumor
TCGA-BC-A3KG-01A	TCGA-BC-A3KG	TCGA-BC-A3KG-01A	Primary Tumor
TCGA-ES-A2HT-11A	TCGA-ES-A2HT	TCGA-ES-A2HT-11A	Solid Tissue Normal
TCGA-BC-A69H-01A	TCGA-BC-A69H	TCGA-BC-A69H-01A	Primary Tumor
TCGA-K7-A6G5-01A	TCGA-K7-A6G5	TCGA-K7-A6G5-01A	Primary Tumor
TCGA-DD-AADR-01A	TCGA-DD-AADR	TCGA-DD-AADR-01A	Primary Tumor
TCGA-DD-A73F-01A	TCGA-DD-A73F	TCGA-DD-A73F-01A	Primary Tumor
TCGA-DD-AACV-01A	TCGA-DD-AACV	TCGA-DD-AACV-01A	Primary Tumor
TCGA-UB-A7MF-01A	TCGA-UB-A7MF	TCGA-UB-A7MF-01A	Primary Tumor
TCGA-DD-AACU-01A	TCGA-DD-AACU	TCGA-DD-AACU-01A	Primary Tumor
TCGA-ED-A7PY-01A	TCGA-ED-A7PY	TCGA-ED-A7PY-01A	Primary Tumor
TCGA-G3-A5SL-01A	TCGA-G3-A5SL	TCGA-G3-A5SL-01A	Primary Tumor
TCGA-EP-A12J-11A	TCGA-EP-A12J	TCGA-EP-A12J-11A	Solid Tissue Normal
TCGA-DD-A3A4-01A	TCGA-DD-A3A4	TCGA-DD-A3A4-01A	Primary Tumor
TCGA-DD-AAVS-01A	TCGA-DD-AAVS	TCGA-DD-AAVS-01A	Primary Tumor
TCGA-DD-A11D-01A	TCGA-DD-A11D	TCGA-DD-A11D-01A	Primary Tumor
TCGA-DD-A4NB-01A	TCGA-DD-A4NB	TCGA-DD-A4NB-01A	Primary Tumor
TCGA-5R-AA1C-01A	TCGA-5R-AA1C	TCGA-5R-AA1C-01A	Primary Tumor
TCGA-ED-A8O5-01A	TCGA-ED-A8O5	TCGA-ED-A8O5-01A	Primary Tumor
TCGA-MR-A520-01A	TCGA-MR-A520	TCGA-MR-A520-01A	Primary Tumor
TCGA-BC-A10W-01A	TCGA-BC-A10W	TCGA-BC-A10W-01A	Primary Tumor
TCGA-G3-A3CG-01A	TCGA-G3-A3CG	TCGA-G3-A3CG-01A	Primary Tumor
TCGA-BC-A10X-11A	TCGA-BC-A10X	TCGA-BC-A10X-11A	Solid Tissue Normal
TCGA-FV-A3I0-11A	TCGA-FV-A3I0	TCGA-FV-A3I0-11A	Solid Tissue Normal
TCGA-G3-AAV5-01A	TCGA-G3-AAV5	TCGA-G3-AAV5-01A	Primary Tumor
TCGA-DD-AAD6-01A	TCGA-DD-AAD6	TCGA-DD-AAD6-01A	Primary Tumor
TCGA-FV-A3R3-01A	TCGA-FV-A3R3	TCGA-FV-A3R3-01A	Primary Tumor
TCGA-2Y-A9GW-01A	TCGA-2Y-A9GW	TCGA-2Y-A9GW-01A	Primary Tumor
TCGA-EP-A3JL-01A	TCGA-EP-A3JL	TCGA-EP-A3JL-01A	Primary Tumor
TCGA-DD-A4NH-01A	TCGA-DD-A4NH	TCGA-DD-A4NH-01A	Primary Tumor
TCGA-ZP-A9D4-01A	TCGA-ZP-A9D4	TCGA-ZP-A9D4-01A	Primary Tumor
TCGA-EP-A2KA-01A	TCGA-EP-A2KA	TCGA-EP-A2KA-01A	Primary Tumor
TCGA-DD-AAE7-01A	TCGA-DD-AAE7	TCGA-DD-AAE7-01A	Primary Tumor
TCGA-DD-A39Z-11A	TCGA-DD-A39Z	TCGA-DD-A39Z-11A	Solid Tissue Normal
TCGA-GJ-A9DB-01A	TCGA-GJ-A9DB	TCGA-GJ-A9DB-01A	Primary Tumor
TCGA-DD-A73G-01A	TCGA-DD-A73G	TCGA-DD-A73G-01A	Primary Tumor
TCGA-WQ-A9G7-01A	TCGA-WQ-A9G7	TCGA-WQ-A9G7-01A	Primary Tumor
TCGA-5R-AAAM-01A	TCGA-5R-AAAM	TCGA-5R-AAAM-01A	Primary Tumor
TCGA-DD-AAC8-01A	TCGA-DD-AAC8	TCGA-DD-AAC8-01A	Primary Tumor
TCGA-2Y-A9H5-01A	TCGA-2Y-A9H5	TCGA-2Y-A9H5-01A	Primary Tumor
TCGA-BC-A216-01A	TCGA-BC-A216	TCGA-BC-A216-01A	Primary Tumor
TCGA-DD-A1EJ-11A	TCGA-DD-A1EJ	TCGA-DD-A1EJ-11A	Solid Tissue Normal
TCGA-DD-AADV-01A	TCGA-DD-AADV	TCGA-DD-AADV-01A	Primary Tumor
TCGA-WX-AA44-01A	TCGA-WX-AA44	TCGA-WX-AA44-01A	Primary Tumor
TCGA-XR-A8TD-01A	TCGA-XR-A8TD	TCGA-XR-A8TD-01A	Primary Tumor
TCGA-DD-A1EE-11A	TCGA-DD-A1EE	TCGA-DD-A1EE-11A	Solid Tissue Normal
TCGA-DD-A1EE-01A	TCGA-DD-A1EE	TCGA-DD-A1EE-01A	Primary Tumor
TCGA-DD-A119-01A	TCGA-DD-A119	TCGA-DD-A119-01A	Primary Tumor
TCGA-BC-A10Z-11A	TCGA-BC-A10Z	TCGA-BC-A10Z-11A	Solid Tissue Normal
TCGA-DD-A1EG-01A	TCGA-DD-A1EG	TCGA-DD-A1EG-01A	Primary Tumor
TCGA-DD-AAVQ-01A	TCGA-DD-AAVQ	TCGA-DD-AAVQ-01A	Primary Tumor
TCGA-BC-A10T-11A	TCGA-BC-A10T	TCGA-BC-A10T-11A	Solid Tissue Normal
TCGA-ED-A7PZ-01A	TCGA-ED-A7PZ	TCGA-ED-A7PZ-01A	Primary Tumor
TCGA-4R-AA8I-01A	TCGA-4R-AA8I	TCGA-4R-AA8I-01A	Primary Tumor
TCGA-3K-AAZ8-01A	TCGA-3K-AAZ8	TCGA-3K-AAZ8-01A	Primary Tumor
TCGA-ED-A627-01A	TCGA-ED-A627	TCGA-ED-A627-01A	Primary Tumor
TCGA-2Y-A9GS-01A	TCGA-2Y-A9GS	TCGA-2Y-A9GS-01A	Primary Tumor
TCGA-ED-A82E-01A	TCGA-ED-A82E	TCGA-ED-A82E-01A	Primary Tumor
TCGA-2Y-A9H3-01A	TCGA-2Y-A9H3	TCGA-2Y-A9H3-01A	Primary Tumor
TCGA-DD-A3A4-11A	TCGA-DD-A3A4	TCGA-DD-A3A4-11A	Solid Tissue Normal
TCGA-DD-AACE-01A	TCGA-DD-AACE	TCGA-DD-AACE-01A	Primary Tumor
TCGA-DD-A113-01A	TCGA-DD-A113	TCGA-DD-A113-01A	Primary Tumor
TCGA-UB-A7MB-01A	TCGA-UB-A7MB	TCGA-UB-A7MB-01A	Primary Tumor
TCGA-2Y-A9H7-01A	TCGA-2Y-A9H7	TCGA-2Y-A9H7-01A	Primary Tumor
TCGA-DD-A1EL-11A	TCGA-DD-A1EL	TCGA-DD-A1EL-11A	Solid Tissue Normal
TCGA-DD-A1EL-01A	TCGA-DD-A1EL	TCGA-DD-A1EL-01A	Primary Tumor
TCGA-DD-AAD8-01A	TCGA-DD-AAD8	TCGA-DD-AAD8-01A	Primary Tumor
TCGA-G3-A7M6-01A	TCGA-G3-A7M6	TCGA-G3-A7M6-01A	Primary Tumor
TCGA-DD-A3A2-11A	TCGA-DD-A3A2	TCGA-DD-A3A2-11A	Solid Tissue Normal
TCGA-RC-A7SH-01A	TCGA-RC-A7SH	TCGA-RC-A7SH-01A	Primary Tumor
TCGA-WX-AA47-01A	TCGA-WX-AA47	TCGA-WX-AA47-01A	Primary Tumor
TCGA-DD-AAEE-01A	TCGA-DD-AAEE	TCGA-DD-AAEE-01A	Primary Tumor
TCGA-BC-A10Q-01A	TCGA-BC-A10Q	TCGA-BC-A10Q-01A	Primary Tumor
TCGA-DD-AAEI-01A	TCGA-DD-AAEI	TCGA-DD-AAEI-01A	Primary Tumor
TCGA-G3-A3CK-01A	TCGA-G3-A3CK	TCGA-G3-A3CK-01A	Primary Tumor
TCGA-G3-A3CH-11A	TCGA-G3-A3CH	TCGA-G3-A3CH-11A	Solid Tissue Normal
TCGA-DD-AAED-01A	TCGA-DD-AAED	TCGA-DD-AAED-01A	Primary Tumor
TCGA-5C-A9VH-01A	TCGA-5C-A9VH	TCGA-5C-A9VH-01A	Primary Tumor
TCGA-CC-A9FU-01A	TCGA-CC-A9FU	TCGA-CC-A9FU-01A	Primary Tumor
TCGA-CC-A3MA-01A	TCGA-CC-A3MA	TCGA-CC-A3MA-01A	Primary Tumor
TCGA-DD-AAE0-01A	TCGA-DD-AAE0	TCGA-DD-AAE0-01A	Primary Tumor
TCGA-DD-A3A7-01A	TCGA-DD-A3A7	TCGA-DD-A3A7-01A	Primary Tumor
TCGA-BC-A10Y-11A	TCGA-BC-A10Y	TCGA-BC-A10Y-11A	Solid Tissue Normal
TCGA-DD-AADM-01A	TCGA-DD-AADM	TCGA-DD-AADM-01A	Primary Tumor
TCGA-BC-A217-01A	TCGA-BC-A217	TCGA-BC-A217-01A	Primary Tumor
TCGA-DD-A3A8-01A	TCGA-DD-A3A8	TCGA-DD-A3A8-01A	Primary Tumor
TCGA-G3-AAV0-01A	TCGA-G3-AAV0	TCGA-G3-AAV0-01A	Primary Tumor
TCGA-DD-A3A8-11A	TCGA-DD-A3A8	TCGA-DD-A3A8-11A	Solid Tissue Normal
TCGA-BC-A69I-01A	TCGA-BC-A69I	TCGA-BC-A69I-01A	Primary Tumor
TCGA-RC-A7SF-01A	TCGA-RC-A7SF	TCGA-RC-A7SF-01A	Primary Tumor
TCGA-5C-AAPD-01A	TCGA-5C-AAPD	TCGA-5C-AAPD-01A	Primary Tumor
TCGA-EP-A2KC-01A	TCGA-EP-A2KC	TCGA-EP-A2KC-01A	Primary Tumor
TCGA-ZS-A9CF-02A	TCGA-ZS-A9CF	TCGA-ZS-A9CF-02A	Recurrent Tumor
TCGA-DD-A118-11A	TCGA-DD-A118	TCGA-DD-A118-11A	Solid Tissue Normal
TCGA-2Y-A9H4-01A	TCGA-2Y-A9H4	TCGA-2Y-A9H4-01A	Primary Tumor
TCGA-ES-A2HT-01A	TCGA-ES-A2HT	TCGA-ES-A2HT-01A	Primary Tumor
TCGA-DD-A1EA-01A	TCGA-DD-A1EA	TCGA-DD-A1EA-01A	Primary Tumor
TCGA-HP-A5N0-01A	TCGA-HP-A5N0	TCGA-HP-A5N0-01A	Primary Tumor
TCGA-DD-AAVR-01A	TCGA-DD-AAVR	TCGA-DD-AAVR-01A	Primary Tumor
TCGA-DD-A4NJ-01A	TCGA-DD-A4NJ	TCGA-DD-A4NJ-01A	Primary Tumor
TCGA-DD-AACS-01A	TCGA-DD-AACS	TCGA-DD-AACS-01A	Primary Tumor
TCGA-DD-AADG-01A	TCGA-DD-AADG	TCGA-DD-AADG-01A	Primary Tumor
TCGA-DD-AAVV-01A	TCGA-DD-AAVV	TCGA-DD-AAVV-01A	Primary Tumor
TCGA-DD-A1EK-01A	TCGA-DD-A1EK	TCGA-DD-A1EK-01A	Primary Tumor
TCGA-NI-A4U2-01A	TCGA-NI-A4U2	TCGA-NI-A4U2-01A	Primary Tumor
TCGA-CC-A7II-01A	TCGA-CC-A7II	TCGA-CC-A7II-01A	Primary Tumor
TCGA-G3-AAV6-01A	TCGA-G3-AAV6	TCGA-G3-AAV6-01A	Primary Tumor
TCGA-DD-AAC9-01A	TCGA-DD-AAC9	TCGA-DD-AAC9-01A	Primary Tumor
TCGA-RC-A7SK-01A	TCGA-RC-A7SK	TCGA-RC-A7SK-01A	Primary Tumor
TCGA-DD-AAEA-01A	TCGA-DD-AAEA	TCGA-DD-AAEA-01A	Primary Tumor
TCGA-DD-AAD0-01A	TCGA-DD-AAD0	TCGA-DD-AAD0-01A	Primary Tumor
TCGA-DD-AAW2-01A	TCGA-DD-AAW2	TCGA-DD-AAW2-01A	Primary Tumor
TCGA-BC-A10R-01A	TCGA-BC-A10R	TCGA-BC-A10R-01A	Primary Tumor
TCGA-DD-A11D-11A	TCGA-DD-A11D	TCGA-DD-A11D-11A	Solid Tissue Normal
TCGA-BC-A10R-11A	TCGA-BC-A10R	TCGA-BC-A10R-11A	Solid Tissue Normal
TCGA-DD-AAD2-01A	TCGA-DD-AAD2	TCGA-DD-AAD2-01A	Primary Tumor
TCGA-DD-AAVU-01A	TCGA-DD-AAVU	TCGA-DD-AAVU-01A	Primary Tumor
TCGA-DD-AAW0-01A	TCGA-DD-AAW0	TCGA-DD-AAW0-01A	Primary Tumor
TCGA-PD-A5DF-01A	TCGA-PD-A5DF	TCGA-PD-A5DF-01A	Primary Tumor
TCGA-DD-A11B-01A	TCGA-DD-A11B	TCGA-DD-A11B-01A	Primary Tumor
TCGA-EP-A2KB-01A	TCGA-EP-A2KB	TCGA-EP-A2KB-01A	Primary Tumor
TCGA-GJ-A6C0-01A	TCGA-GJ-A6C0	TCGA-GJ-A6C0-01A	Primary Tumor
TCGA-DD-AADW-01A	TCGA-DD-AADW	TCGA-DD-AADW-01A	Primary Tumor
TCGA-K7-AAU7-01A	TCGA-K7-AAU7	TCGA-K7-AAU7-01A	Primary Tumor
TCGA-DD-AAD1-01A	TCGA-DD-AAD1	TCGA-DD-AAD1-01A	Primary Tumor
TCGA-XR-A8TG-01A	TCGA-XR-A8TG	TCGA-XR-A8TG-01A	Primary Tumor
TCGA-ZP-A9CZ-01A	TCGA-ZP-A9CZ	TCGA-ZP-A9CZ-01A	Primary Tumor
TCGA-G3-A5SK-01A	TCGA-G3-A5SK	TCGA-G3-A5SK-01A	Primary Tumor
TCGA-CC-A3MB-01A	TCGA-CC-A3MB	TCGA-CC-A3MB-01A	Primary Tumor
TCGA-DD-A3A2-01A	TCGA-DD-A3A2	TCGA-DD-A3A2-01A	Primary Tumor
TCGA-ZP-A9D0-01A	TCGA-ZP-A9D0	TCGA-ZP-A9D0-01A	Primary Tumor
TCGA-G3-A5SJ-01A	TCGA-G3-A5SJ	TCGA-G3-A5SJ-01A	Primary Tumor
TCGA-HP-A5MZ-01A	TCGA-HP-A5MZ	TCGA-HP-A5MZ-01A	Primary Tumor
TCGA-BC-A10Q-11A	TCGA-BC-A10Q	TCGA-BC-A10Q-11A	Solid Tissue Normal
TCGA-2Y-A9H8-01A	TCGA-2Y-A9H8	TCGA-2Y-A9H8-01A	Primary Tumor
TCGA-DD-AACL-01A	TCGA-DD-AACL	TCGA-DD-AACL-01A	Primary Tumor
TCGA-CC-A7IG-01A	TCGA-CC-A7IG	TCGA-CC-A7IG-01A	Primary Tumor
TCGA-DD-AAW3-01A	TCGA-DD-AAW3	TCGA-DD-AAW3-01A	Primary Tumor
TCGA-BW-A5NP-01A	TCGA-BW-A5NP	TCGA-BW-A5NP-01A	Primary Tumor
TCGA-DD-AAEK-01A	TCGA-DD-AAEK	TCGA-DD-AAEK-01A	Primary Tumor
TCGA-DD-A73C-01A	TCGA-DD-A73C	TCGA-DD-A73C-01A	Primary Tumor
TCGA-ED-A8O6-01A	TCGA-ED-A8O6	TCGA-ED-A8O6-01A	Primary Tumor
TCGA-DD-AACJ-01A	TCGA-DD-AACJ	TCGA-DD-AACJ-01A	Primary Tumor
TCGA-DD-A116-11A	TCGA-DD-A116	TCGA-DD-A116-11A	Solid Tissue Normal
TCGA-EP-A12J-01A	TCGA-EP-A12J	TCGA-EP-A12J-01A	Primary Tumor
TCGA-DD-AADP-01A	TCGA-DD-AADP	TCGA-DD-AADP-01A	Primary Tumor
TCGA-RC-A6M6-01A	TCGA-RC-A6M6	TCGA-RC-A6M6-01A	Primary Tumor
TCGA-UB-AA0U-01A	TCGA-UB-AA0U	TCGA-UB-AA0U-01A	Primary Tumor
TCGA-DD-A4NS-01A	TCGA-DD-A4NS	TCGA-DD-A4NS-01A	Primary Tumor
TCGA-RC-A6M5-01A	TCGA-RC-A6M5	TCGA-RC-A6M5-01A	Primary Tumor
TCGA-DD-A4NL-01A	TCGA-DD-A4NL	TCGA-DD-A4NL-01A	Primary Tumor
TCGA-DD-AADY-01A	TCGA-DD-AADY	TCGA-DD-AADY-01A	Primary Tumor
TCGA-DD-AAVX-01A	TCGA-DD-AAVX	TCGA-DD-AAVX-01A	Primary Tumor
TCGA-QA-A7B7-01A	TCGA-QA-A7B7	TCGA-QA-A7B7-01A	Primary Tumor
TCGA-2Y-A9HB-01A	TCGA-2Y-A9HB	TCGA-2Y-A9HB-01A	Primary Tumor
TCGA-DD-AADD-01A	TCGA-DD-AADD	TCGA-DD-AADD-01A	Primary Tumor
TCGA-G3-A3CI-01A	TCGA-G3-A3CI	TCGA-G3-A3CI-01A	Primary Tumor
TCGA-CC-A7IL-01A	TCGA-CC-A7IL	TCGA-CC-A7IL-01A	Primary Tumor
TCGA-DD-AACG-01A	TCGA-DD-AACG	TCGA-DD-AACG-01A	Primary Tumor
TCGA-DD-A73A-01A	TCGA-DD-A73A	TCGA-DD-A73A-01A	Primary Tumor
TCGA-ED-A66X-01A	TCGA-ED-A66X	TCGA-ED-A66X-01A	Primary Tumor
TCGA-EP-A26S-11A	TCGA-EP-A26S	TCGA-EP-A26S-11A	Solid Tissue Normal
TCGA-EP-A26S-01A	TCGA-EP-A26S	TCGA-EP-A26S-01A	Primary Tumor
TCGA-G3-A25S-01A	TCGA-G3-A25S	TCGA-G3-A25S-01A	Primary Tumor
TCGA-DD-A4NN-01A	TCGA-DD-A4NN	TCGA-DD-A4NN-01A	Primary Tumor
TCGA-G3-A25U-01A	TCGA-G3-A25U	TCGA-G3-A25U-01A	Primary Tumor
TCGA-YA-A8S7-01A	TCGA-YA-A8S7	TCGA-YA-A8S7-01A	Primary Tumor
TCGA-2Y-A9H6-01A	TCGA-2Y-A9H6	TCGA-2Y-A9H6-01A	Primary Tumor
TCGA-DD-A4NE-01A	TCGA-DD-A4NE	TCGA-DD-A4NE-01A	Primary Tumor
TCGA-FV-A495-01A	TCGA-FV-A495	TCGA-FV-A495-01A	Primary Tumor
TCGA-DD-AAEG-01A	TCGA-DD-AAEG	TCGA-DD-AAEG-01A	Primary Tumor
TCGA-UB-A7ME-01A	TCGA-UB-A7ME	TCGA-UB-A7ME-01A	Primary Tumor
TCGA-DD-A39Y-01A	TCGA-DD-A39Y	TCGA-DD-A39Y-01A	Primary Tumor
TCGA-DD-A4NA-01A	TCGA-DD-A4NA	TCGA-DD-A4NA-01A	Primary Tumor
TCGA-DD-A4NQ-01A	TCGA-DD-A4NQ	TCGA-DD-A4NQ-01A	Primary Tumor
TCGA-DD-AAVY-01A	TCGA-DD-AAVY	TCGA-DD-AAVY-01A	Primary Tumor
TCGA-ED-A4XI-01A	TCGA-ED-A4XI	TCGA-ED-A4XI-01A	Primary Tumor
TCGA-LG-A6GG-01A	TCGA-LG-A6GG	TCGA-LG-A6GG-01A	Primary Tumor
TCGA-DD-AAE4-01A	TCGA-DD-AAE4	TCGA-DD-AAE4-01A	Primary Tumor
TCGA-CC-5260-01A	TCGA-CC-5260	TCGA-CC-5260-01A	Primary Tumor
TCGA-DD-A1EH-11A	TCGA-DD-A1EH	TCGA-DD-A1EH-11A	Solid Tissue Normal
TCGA-G3-A3CJ-01A	TCGA-G3-A3CJ	TCGA-G3-A3CJ-01A	Primary Tumor
TCGA-DD-AACZ-01A	TCGA-DD-AACZ	TCGA-DD-AACZ-01A	Primary Tumor
TCGA-G3-A5SM-01A	TCGA-G3-A5SM	TCGA-G3-A5SM-01A	Primary Tumor
TCGA-DD-A39V-01A	TCGA-DD-A39V	TCGA-DD-A39V-01A	Primary Tumor
TCGA-BD-A3EP-01A	TCGA-BD-A3EP	TCGA-BD-A3EP-01A	Primary Tumor
TCGA-BD-A3EP-11A	TCGA-BD-A3EP	TCGA-BD-A3EP-11A	Solid Tissue Normal
TCGA-BW-A5NO-01A	TCGA-BW-A5NO	TCGA-BW-A5NO-01A	Primary Tumor
